Player,listed_position,archetype,tier,Primary Playmakers,Primary Scorers,3-and-D Contributors,Rim-Runners,Secondary Facilitators,Secondary Scorers,Spot-Up Shooters,assigned_fit_pct
A.J. Green,SG,Spot-Up Shooters,role,,,19.83,7.51,11.21,17.08,44.37,44.37
AJ Johnson,SG,Secondary Scorers,role,,,11.15,9.89,19.96,36.41,22.59,36.41
Aaron Gordon,PF,Secondary Scorers,role,,,9.89,7.03,12.49,43.53,27.06,43.53
Aaron Holiday,PG,Spot-Up Shooters,role,,,22.99,4.45,9.8,17.34,45.43,45.43
Aaron Nesmith,SF,Spot-Up Shooters,role,,,8.93,4.51,8.54,34.22,43.79,43.79
Aaron Wiggins,SG,Secondary Scorers,role,,,24.83,8.35,16.02,29.79,21.0,29.79
Ace Bailey,SF,Secondary Scorers,role,,,10.15,6.75,13.46,44.23,25.42,44.23
Adem Bona,C,Rim-Runners,role,,,13.55,57.21,8.15,9.17,11.93,57.21
Ajay Mitchell,SG,Secondary Facilitators,role,,,17.63,10.77,34.01,24.0,13.59,34.01
Al Horford,C,3-and-D Contributors,role,,,27.76,12.09,16.63,20.38,23.14,27.76
Alex Caruso,SG,3-and-D Contributors,role,,,40.63,12.99,16.11,14.32,15.95,40.63
Alex Sarr,C,Primary Scorers,high,31.3,68.7,,,,,,68.7
Alperen Şengün,C,Primary Playmakers,high,54.76,45.24,,,,,,54.76
Amen Thompson,PG,Secondary Facilitators,role,,,14.39,16.79,37.44,19.46,11.91,37.44
Amir Coffey,SG,Spot-Up Shooters,role,,,22.51,14.97,10.61,15.38,36.53,36.53
Andre Drummond,C,Rim-Runners,role,,,14.81,52.86,8.58,10.91,12.83,52.86
Andrew Nembhard,PG,Secondary Facilitators,role,,,10.27,7.52,47.37,21.65,13.19,47.37
Andrew Wiggins,SF,Secondary Scorers,role,,,14.01,6.71,12.8,45.61,20.87,45.61
Anfernee Simons,SG,Secondary Scorers,role,,,9.98,6.81,15.62,46.95,20.64,46.95
Anthony Black,PG,Secondary Facilitators,role,,,12.06,6.8,39.07,30.62,11.46,39.07
Anthony Davis,PF,Primary Scorers,high,27.61,72.39,,,,,,72.39
Anthony Edwards,SG,Primary Scorers,high,18.71,81.29,,,,,,81.29
Anthony Gill,PF,Spot-Up Shooters,role,,,22.09,19.72,13.09,15.69,29.41,29.41
Asa Newell,PF,Spot-Up Shooters,role,,,20.67,9.53,8.03,20.19,41.58,41.58
Ausar Thompson,SF,Rim-Runners,role,,,22.81,29.6,19.35,14.98,13.27,29.6
Austin Reaves,SG,Primary Playmakers,high,52.92,47.08,,,,,,52.92
Ayo Dosunmu,SG,Secondary Scorers,role,,,9.88,6.29,18.89,46.63,18.31,46.63
Bam Adebayo,C,Primary Scorers,high,24.57,75.43,,,,,,75.43
Baylor Scheierman,SG,3-and-D Contributors,role,,,42.92,9.52,11.21,12.16,24.19,42.92
Ben Saraf,SG,Secondary Facilitators,role,,,11.31,8.47,48.2,19.18,12.84,48.2
Ben Sheppard,SG,Spot-Up Shooters,role,,,20.65,4.75,7.05,11.13,56.41,56.41
Bennedict Mathurin,SF,Primary Scorers,high,26.92,73.08,,,,,,73.08
Bilal Coulibaly,SG,Secondary Scorers,role,,,16.29,9.04,19.99,33.75,20.92,33.75
Bobby Portis,PF,Secondary Scorers,role,,,12.03,7.49,13.48,41.83,25.17,41.83
Bones Hyland,PG,Secondary Facilitators,role,,,12.12,4.87,43.29,26.13,13.58,43.29
Brandin Podziemski,SG,Secondary Facilitators,role,,,11.02,4.5,39.1,31.5,13.87,39.1
Brandon Ingram,SF,Primary Scorers,high,25.39,74.61,,,,,,74.61
Brandon Miller,SF,Primary Scorers,high,18.15,81.85,,,,,,81.85
Brandon Williams,PG,Primary Playmakers,high,61.0,39.0,,,,,,61.0
Brice Sensabaugh,SF,Secondary Scorers,role,,,10.61,7.11,18.45,42.48,21.35,42.48
Brook Lopez,C,Spot-Up Shooters,role,,,25.06,10.46,9.69,19.53,35.26,35.26
Bruce Brown,SG,3-and-D Contributors,role,,,38.88,12.33,12.43,13.0,23.35,38.88
Bryce McGowens,SG,Spot-Up Shooters,role,,,22.23,10.38,10.35,15.57,41.46,41.46
Bub Carrington,PG,Secondary Facilitators,role,,,12.94,8.35,34.66,24.13,19.93,34.66
Buddy Hield,SG,Secondary Scorers,role,,,15.42,6.22,15.75,41.39,21.22,41.39
CJ McCollum,PG,Primary Scorers,high,35.75,64.25,,,,,,64.25
Cade Cunningham,PG,Primary Playmakers,high,83.09,16.91,,,,,,83.09
Caleb Love,SG,Secondary Scorers,role,,,9.66,5.43,19.69,46.87,18.34,46.87
Caleb Martin,SF,3-and-D Contributors,role,,,54.4,13.29,9.66,8.54,14.11,54.4
Cam Spencer,SG,Secondary Facilitators,role,,,13.92,7.42,44.05,18.3,16.3,44.05
Cam Thomas,SG,Primary Scorers,high,22.79,77.21,,,,,,77.21
Cameron Johnson,SF,Spot-Up Shooters,role,,,12.72,3.71,4.8,8.85,69.92,69.92
Caris LeVert,SG,Secondary Facilitators,role,,,21.86,10.67,34.59,19.08,13.8,34.59
Carter Bryant,PF,Spot-Up Shooters,role,,,25.07,9.64,8.63,18.2,38.46,38.46
Cason Wallace,SG,3-and-D Contributors,role,,,41.21,13.73,15.25,13.77,16.04,41.21
Cedric Coward,SG,Secondary Scorers,role,,,6.34,4.19,15.02,61.69,12.76,61.69
Chet Holmgren,PF,Rim-Runners,role,,,18.25,29.77,14.27,20.67,17.03,29.77
Christian Braun,SG,Spot-Up Shooters,role,,,18.41,9.07,9.59,14.91,48.02,48.02
Christian Koloko,C,Rim-Runners,role,,,16.61,54.5,7.94,8.94,12.0,54.5
Clint Capela,C,Rim-Runners,role,,,9.59,69.62,6.38,6.9,7.51,69.62
Coby White,SG,Primary Scorers,high,32.34,67.66,,,,,,67.66
Cody Williams,SG,Spot-Up Shooters,role,,,14.91,10.06,15.03,24.4,35.6,35.6
Cole Anthony,PG,Primary Playmakers,high,61.83,38.17,,,,,,61.83
Collin Gillespie,PG,Secondary Facilitators,role,,,17.23,5.43,39.72,21.95,15.68,39.72
Collin Murray-Boyles,PF,Rim-Runners,role,,,17.96,54.4,8.61,8.75,10.29,54.4
Collin Sexton,SG,Primary Scorers,high,25.5,74.5,,,,,,74.5
Cooper Flagg,SF,Primary Scorers,high,34.69,65.31,,,,,,65.31
Corey Kispert,SF,Spot-Up Shooters,role,,,11.0,6.84,10.72,30.13,41.31,41.31
Craig Porter Jr.,PG,3-and-D Contributors,role,,,29.97,19.99,23.22,12.56,14.26,29.97
Daeqwon Plowden,SG,Spot-Up Shooters,role,,,14.89,6.33,9.22,19.12,50.45,50.45
Dalen Terry,SG,3-and-D Contributors,role,,,39.0,15.73,14.23,13.58,17.47,39.0
Dalton Knecht,SF,Spot-Up Shooters,role,,,10.41,4.5,5.91,17.73,61.45,61.45
Daniel Gafford,C,Rim-Runners,role,,,5.29,82.65,3.67,4.09,4.3,82.65
Daniss Jenkins,PG,Secondary Facilitators,role,,,6.61,4.32,70.66,12.15,6.25,70.66
Danny Wolf,PF,Secondary Scorers,role,,,10.77,6.36,15.34,46.64,20.88,46.64
Darius Garland,PG,Primary Playmakers,high,63.47,36.53,,,,,,63.47
Davion Mitchell,PG,Secondary Facilitators,role,,,18.91,9.35,41.0,15.17,15.57,41.0
Day'Ron Sharpe,C,Rim-Runners,role,,,17.27,30.79,23.28,16.0,12.66,30.79
De'Aaron Fox,PG,Secondary Facilitators,role,,,9.48,6.49,50.95,22.94,10.14,50.95
De'Andre Hunter,SF,Secondary Scorers,role,,,8.22,5.82,12.44,55.19,18.32,55.19
De'Anthony Melton,PG,Primary Scorers,high,23.92,76.08,,,,,,76.08
DeMar DeRozan,PF,Secondary Scorers,role,,,11.55,7.85,23.57,36.24,20.79,36.24
Dean Wade,PF,3-and-D Contributors,role,,,47.81,9.57,7.73,9.69,25.19,47.81
Deandre Ayton,C,Rim-Runners,role,,,13.45,43.79,9.54,15.62,17.59,43.79
Deni Avdija,SF,Primary Playmakers,high,62.41,37.59,,,,,,62.41
Dennis Schröder,PG,Secondary Facilitators,role,,,9.95,7.18,42.98,25.67,14.22,42.98
Derik Queen,C,Secondary Facilitators,role,,,12.92,18.78,35.71,20.88,11.71,35.71
Derrick Jones Jr.,SF,Spot-Up Shooters,role,,,28.01,11.93,7.21,12.61,40.23,40.23
Derrick White,SG,Secondary Facilitators,role,,,14.32,7.82,31.74,30.55,15.58,31.74
Desmond Bane,SG,Secondary Scorers,role,,,6.55,4.43,23.18,55.26,10.57,55.26
Devin Booker,SG,Primary Playmakers,high,62.44,37.56,,,,,,62.44
Devin Carter,PG,Secondary Facilitators,role,,,8.2,5.85,45.86,29.41,10.67,45.86
Devin Vassell,SG,Spot-Up Shooters,role,,,21.08,5.69,9.74,22.91,40.59,40.59
Dillon Brooks,SF,Primary Scorers,high,23.04,76.96,,,,,,76.96
Domantas Sabonis,C,Secondary Facilitators,role,,,12.72,16.3,31.38,25.36,14.24,31.38
Dominick Barlow,PF,Rim-Runners,role,,,26.33,38.51,7.61,9.67,17.88,38.51
Donovan Clingan,C,Rim-Runners,role,,,16.45,41.36,11.28,15.18,15.73,41.36
Donovan Mitchell,SG,Primary Playmakers,high,58.89,41.11,,,,,,58.89
Donte DiVincenzo,SG,3-and-D Contributors,role,,,33.23,5.76,16.1,18.89,26.01,33.23
Dorian Finney-Smith,PF,3-and-D Contributors,role,,,36.67,8.88,8.67,11.47,34.31,36.67
Drake Powell,SG,Spot-Up Shooters,role,,,17.38,5.97,9.09,14.06,53.51,53.51
Draymond Green,PF,Secondary Facilitators,role,,,21.6,11.33,33.52,17.07,16.48,33.52
Drew Eubanks,C,Rim-Runners,role,,,15.04,38.0,11.44,16.52,19.0,38.0
Dru Smith,SG,3-and-D Contributors,role,,,32.73,15.76,22.73,14.41,14.37,32.73
Duncan Robinson,SG,Spot-Up Shooters,role,,,20.16,5.38,8.07,16.22,50.17,50.17
Dwight Powell,C,Rim-Runners,role,,,17.78,50.83,9.93,9.35,12.11,50.83
Dylan Cardwell,C,Rim-Runners,role,,,12.93,58.26,8.78,9.17,10.86,58.26
Dylan Harper,SG,Secondary Facilitators,role,,,10.47,7.12,48.84,23.11,10.46,48.84
Dyson Daniels,SG,Secondary Facilitators,role,,,22.22,17.0,32.3,15.5,13.0,32.3
Egor Dëmin,PG,Secondary Facilitators,role,,,14.95,5.13,27.83,27.12,24.97,27.83
Elijah Harkless,SG,3-and-D Contributors,role,,,26.79,7.81,22.31,18.25,24.84,26.79
Ethan Thompson,SG,Spot-Up Shooters,role,,,14.37,3.51,6.35,11.18,64.59,64.59
Evan Mobley,PF,Secondary Scorers,role,,,14.15,23.16,20.19,27.1,15.4,27.1
Franz Wagner,SF,Primary Scorers,high,30.68,69.32,,,,,,69.32
GG Jackson II,PF,Secondary Scorers,role,,,8.2,7.97,14.15,54.24,15.44,54.24
Gabe Vincent,PG,Spot-Up Shooters,role,,,27.7,8.79,10.89,14.45,38.17,38.17
Gary Harris,SG,3-and-D Contributors,role,,,41.75,10.49,10.47,11.16,26.13,41.75
Gary Payton II,SG,3-and-D Contributors,role,,,26.21,13.74,22.88,21.35,15.81,26.21
Gary Trent Jr.,SG,Spot-Up Shooters,role,,,15.24,6.33,10.47,21.19,46.77,46.77
Giannis Antetokounmpo,PF,Primary Playmakers,high,52.15,47.85,,,,,,52.15
Goga Bitadze,C,Rim-Runners,role,,,10.64,68.84,6.6,6.53,7.39,68.84
Gradey Dick,SG,Spot-Up Shooters,role,,,21.55,5.58,8.08,22.81,41.98,41.98
Grant Williams,PF,3-and-D Contributors,role,,,40.43,9.04,8.83,11.98,29.73,40.43
Grayson Allen,SG,Secondary Scorers,role,,,12.65,5.54,26.79,39.02,16.0,39.02
Guerschon Yabusele,C,Spot-Up Shooters,role,,,18.46,8.33,6.84,16.41,49.96,49.96
Gui Santos,PF,Secondary Facilitators,role,,,22.42,7.28,30.07,22.93,17.3,30.07
Harrison Barnes,PF,Spot-Up Shooters,role,,,26.32,4.86,6.44,10.97,51.41,51.41
Herbert Jones,SF,3-and-D Contributors,role,,,47.32,5.69,11.71,12.94,22.34,47.32
Hugo González,SF,3-and-D Contributors,role,,,51.69,14.92,7.07,8.99,17.33,51.69
Immanuel Quickley,PG,Secondary Facilitators,role,,,14.1,5.77,41.14,24.42,14.57,41.14
Isaac Okoro,SG,Spot-Up Shooters,role,,,20.01,7.69,7.3,12.12,52.87,52.87
Isaiah Collier,PG,Secondary Facilitators,role,,,12.79,11.24,44.03,18.46,13.48,44.03
Isaiah Hartenstein,C,Rim-Runners,role,,,18.93,38.72,17.33,13.03,11.99,38.72
Isaiah Jackson,C,Rim-Runners,role,,,7.0,76.75,5.02,5.53,5.71,76.75
Isaiah Joe,SG,Spot-Up Shooters,role,,,27.99,7.45,11.04,20.21,33.31,33.31
Isaiah Stewart,C,Rim-Runners,role,,,17.05,39.84,10.67,15.28,17.16,39.84
Ivica Zubac,C,Rim-Runners,role,,,12.68,38.78,13.49,19.0,16.06,38.78
Ja Morant,PG,Primary Playmakers,high,82.6,17.4,,,,,,82.6
Ja'Kobe Walter,SG,3-and-D Contributors,role,,,56.42,6.21,6.63,9.14,21.6,56.42
Jabari Smith Jr.,PF,Spot-Up Shooters,role,,,15.45,6.69,7.4,24.36,46.09,46.09
Jabari Walker,PF,Spot-Up Shooters,role,,,26.99,13.31,7.0,12.78,39.92,39.92
Jaden Hardy,SG,Secondary Scorers,role,,,11.2,8.33,16.78,40.08,23.6,40.08
Jaden Ivey,SG,Secondary Scorers,role,,,13.81,7.34,15.87,43.52,19.46,43.52
Jaden McDaniels,PF,Secondary Scorers,role,,,18.78,12.27,18.19,30.36,20.4,30.36
Jahmai Mashack,SG,Secondary Facilitators,role,,,23.93,9.88,26.95,19.24,19.99,26.95
Jaime Jaquez Jr.,SF,Secondary Facilitators,role,,,8.28,7.24,46.5,27.28,10.7,46.5
Jake LaRavia,PF,3-and-D Contributors,role,,,65.51,7.09,5.88,6.82,14.69,65.51
Jakob Poeltl,C,Rim-Runners,role,,,10.53,69.66,6.3,6.47,7.04,69.66
Jalen Brunson,PG,Primary Playmakers,high,77.23,22.77,,,,,,77.23
Jalen Duren,C,Rim-Runners,role,,,13.49,36.8,16.35,19.78,13.58,36.8
Jalen Green,SG,Primary Scorers,high,30.72,69.28,,,,,,69.28
Jalen Johnson,SF,Primary Playmakers,high,82.04,17.96,,,,,,82.04
Jalen Pickett,SG,Spot-Up Shooters,role,,,18.11,7.37,18.46,19.97,36.09,36.09
Jalen Smith,C,Spot-Up Shooters,role,,,17.16,12.58,11.61,27.45,31.2,31.2
Jalen Suggs,PG,Secondary Facilitators,role,,,16.39,9.86,41.33,19.79,12.64,41.33
Jalen Williams,SG,Primary Playmakers,high,77.54,22.46,,,,,,77.54
Jalen Wilson,PF,Spot-Up Shooters,role,,,13.04,5.59,9.08,20.49,51.8,51.8
Jamal Murray,PG,Primary Playmakers,high,80.89,19.11,,,,,,80.89
Jamal Shead,PG,Secondary Facilitators,role,,,18.87,8.68,42.74,14.88,14.82,42.74
Jamaree Bouyea,PG,Secondary Facilitators,role,,,19.74,9.77,30.59,24.35,15.55,30.59
James Harden,PG,Primary Playmakers,high,68.86,31.14,,,,,,68.86
Jamir Watkins,SG,3-and-D Contributors,role,,,35.18,8.1,8.7,13.55,34.47,35.18
Jamison Battle,SF,Spot-Up Shooters,role,,,18.18,6.8,7.02,13.46,54.53,54.53
Jarace Walker,PF,Secondary Scorers,role,,,8.3,4.18,16.55,55.11,15.86,55.11
Jared McCain,SG,Secondary Scorers,role,,,10.67,5.84,12.08,47.87,23.54,47.87
Jaren Jackson Jr.,C,Primary Scorers,high,21.27,78.73,,,,,,78.73
Jarred Vanderbilt,PF,3-and-D Contributors,role,,,51.67,16.81,8.44,8.55,14.54,51.67
Jarrett Allen,C,Rim-Runners,role,,,12.79,48.4,11.31,15.28,12.22,48.4
Jase Richardson,SG,Spot-Up Shooters,role,,,17.85,6.06,13.7,22.42,39.96,39.96
Javon Small,PG,Secondary Facilitators,role,,,6.39,3.9,70.9,11.68,7.12,70.9
Javonte Green,SG,3-and-D Contributors,role,,,45.05,12.94,11.14,13.09,17.78,45.05
Jaxson Hayes,C,Rim-Runners,role,,,14.02,55.22,8.16,9.57,13.03,55.22
Jay Huff,C,Spot-Up Shooters,role,,,23.01,15.79,13.56,21.85,25.79,25.79
Jaylen Brown,SF,Primary Scorers,high,39.96,60.04,,,,,,60.04
Jaylen Clark,SG,3-and-D Contributors,role,,,52.1,10.07,7.26,9.59,20.98,52.1
Jaylen Wells,SG,Spot-Up Shooters,role,,,10.74,4.39,8.57,30.11,46.19,46.19
Jaylin Williams,PF,3-and-D Contributors,role,,,30.85,16.03,16.65,16.81,19.66,30.85
Jaylon Tyson,SG,Secondary Scorers,role,,,10.26,4.24,9.35,47.38,28.76,47.38
Jayson Tatum,PF,Primary Playmakers,high,59.52,40.48,,,,,,59.52
Jerami Grant,PF,Secondary Scorers,role,,,9.9,6.24,14.17,49.07,20.62,49.07
Jeremiah Fears,PG,Primary Scorers,high,24.85,75.15,,,,,,75.15
Jeremiah Robinson-Earl,PF,Spot-Up Shooters,role,,,20.08,17.47,10.04,17.5,34.91,34.91
Jeremy Sochan,PF,3-and-D Contributors,role,,,34.25,25.42,9.98,12.38,17.96,34.25
Jericho Sims,C,Rim-Runners,role,,,18.03,34.79,14.23,14.14,18.81,34.79
Jett Howard,SF,Spot-Up Shooters,role,,,11.87,5.46,7.24,19.91,55.52,55.52
Jevon Carter,PG,Spot-Up Shooters,role,,,25.83,6.91,14.46,24.11,28.69,28.69
Jimmy Butler,SF,Secondary Facilitators,role,,,14.23,12.39,36.51,22.87,14.0,36.51
Jock Landale,C,Spot-Up Shooters,role,,,13.73,16.09,11.22,28.74,30.22,30.22
Joel Embiid,C,Primary Scorers,high,33.95,66.05,,,,,,66.05
John Collins,PF,Spot-Up Shooters,role,,,15.1,9.88,8.3,29.88,36.82,36.82
John Konchar,SG,3-and-D Contributors,role,,,37.59,22.4,12.56,11.41,16.02,37.59
Johnny Furphy,SG,3-and-D Contributors,role,,,38.99,11.94,8.5,11.15,29.42,38.99
Jonas Valančiūnas,C,Primary Scorers,high,31.18,68.82,,,,,,68.82
Jonathan Isaac,PF,Rim-Runners,role,,,23.7,43.95,8.19,9.66,14.5,43.95
Jonathan Kuminga,PF,Secondary Scorers,role,,,10.78,12.25,21.01,40.57,15.39,40.57
Jordan Clarkson,SG,Secondary Scorers,role,,,8.5,4.83,10.7,49.9,26.08,49.9
Jordan Goodwin,PG,3-and-D Contributors,role,,,37.37,10.28,16.47,17.81,18.08,37.37
Jordan Hawkins,SG,Spot-Up Shooters,role,,,11.36,6.46,11.31,30.08,40.79,40.79
Jordan Miller,SF,Spot-Up Shooters,role,,,20.64,11.99,18.69,21.53,27.15,27.15
Jordan Poole,PG,Primary Scorers,high,36.25,63.75,,,,,,63.75
Jordan Walsh,PF,3-and-D Contributors,role,,,51.29,17.44,6.68,8.29,16.29,51.29
Jose Alvarado,PG,Secondary Facilitators,role,,,21.82,7.29,31.5,20.98,18.41,31.5
Josh Giddey,PG,Secondary Facilitators,role,,,11.75,10.23,46.93,19.32,11.77,46.93
Josh Green,SG,3-and-D Contributors,role,,,46.83,8.94,8.63,10.34,25.26,46.83
Josh Hart,SF,Secondary Facilitators,role,,,26.21,13.12,30.91,15.73,14.04,30.91
Josh Minott,PF,3-and-D Contributors,role,,,42.16,14.85,9.82,14.13,19.04,42.16
Josh Okogie,SG,3-and-D Contributors,role,,,62.22,8.12,5.77,7.0,16.89,62.22
Jrue Holiday,PG,Secondary Facilitators,role,,,8.55,6.31,53.94,21.22,9.97,53.94
Julian Champagnie,SF,3-and-D Contributors,role,,,35.37,8.5,8.73,14.84,32.56,35.37
Julian Phillips,SF,Spot-Up Shooters,role,,,31.55,12.06,9.14,14.58,32.66,32.66
Julian Strawther,SG,Spot-Up Shooters,role,,,8.78,3.54,7.56,35.8,44.32,44.32
Julius Randle,PF,Primary Scorers,high,43.75,56.25,,,,,,56.25
Justin Champagnie,SF,Spot-Up Shooters,role,,,19.75,16.19,10.49,21.48,32.08,32.08
Justin Edwards,SF,3-and-D Contributors,role,,,41.6,5.62,10.66,15.28,26.82,41.6
Jusuf Nurkić,C,Secondary Facilitators,role,,,16.2,18.42,34.44,18.17,12.77,34.44
KJ Simpson,PG,Secondary Facilitators,role,,,14.91,9.65,40.52,22.05,12.87,40.52
Kam Jones,SG,Secondary Facilitators,role,,,16.69,8.99,34.26,19.18,20.88,34.26
Karl-Anthony Towns,C,Primary Scorers,high,29.92,70.08,,,,,,70.08
Karlo Matković,PF,Rim-Runners,role,,,24.99,30.74,8.73,12.65,22.89,30.74
Kasparas Jakučionis,PG,3-and-D Contributors,role,,,40.63,7.39,17.32,12.5,22.16,40.63
Kawhi Leonard,SF,Primary Scorers,high,29.93,70.07,,,,,,70.07
Keaton Wallace,PG,Secondary Facilitators,role,,,21.4,6.25,39.33,16.82,16.2,39.33
Keegan Murray,PF,Spot-Up Shooters,role,,,13.65,8.78,9.53,30.01,38.03,38.03
Kel'el Ware,C,Rim-Runners,role,,,19.55,27.27,11.81,20.98,20.38,27.27
Keldon Johnson,SF,Secondary Scorers,role,,,13.21,9.63,11.58,40.67,24.9,40.67
Kelly Oubre Jr.,SF,Spot-Up Shooters,role,,,23.29,6.22,8.17,23.55,38.77,38.77
Kenrich Williams,PF,3-and-D Contributors,role,,,28.7,9.46,14.58,23.95,23.32,28.7
Kentavious Caldwell-Pope,SG,Secondary Facilitators,role,,,15.92,4.86,29.58,25.68,23.97,29.58
Keon Ellis,SG,3-and-D Contributors,role,,,41.51,12.87,9.85,12.68,23.09,41.51
Kevin Durant,SF,Primary Scorers,high,32.68,67.32,,,,,,67.32
Kevin Huerter,SF,Secondary Scorers,role,,,16.98,7.07,15.35,39.05,21.55,39.05
Kevin Love,PF,Spot-Up Shooters,role,,,19.98,10.12,15.05,23.08,31.78,31.78
Kevin Porter Jr.,PG,Secondary Facilitators,role,,,12.31,9.3,51.26,16.87,10.27,51.26
Keyonte George,PG,Primary Playmakers,high,74.9,25.1,,,,,,74.9
Khris Middleton,SF,Secondary Scorers,role,,,10.81,8.02,23.14,37.99,20.03,37.99
Klay Thompson,SF,Secondary Scorers,role,,,13.44,7.15,14.07,36.57,28.77,36.57
Kobe Brown,PF,Spot-Up Shooters,role,,,17.54,12.07,11.64,19.33,39.42,39.42
Kobe Sanders,SG,Spot-Up Shooters,role,,,29.08,5.1,10.69,14.79,40.35,40.35
Kon Knueppel,SF,Secondary Scorers,role,,,9.52,4.57,15.4,51.17,19.34,51.17
Kris Dunn,PG,3-and-D Contributors,role,,,46.23,10.43,16.81,10.98,15.55,46.23
Kris Murray,SF,3-and-D Contributors,role,,,50.43,12.59,7.16,8.48,21.34,50.43
Kristaps Porziņģis,C,Primary Scorers,high,25.37,74.63,,,,,,74.63
Kyle Anderson,SF,Rim-Runners,role,,,23.74,30.29,17.37,13.67,14.93,30.29
Kyle Filipowski,C,Secondary Scorers,role,,,13.93,11.58,24.3,33.06,17.13,33.06
Kyle Kuzma,PF,Secondary Scorers,role,,,6.67,4.43,15.25,57.35,16.29,57.35
Kyshawn George,SF,Secondary Facilitators,role,,,8.43,6.2,44.43,29.4,11.53,44.43
LaMelo Ball,PG,Primary Playmakers,high,67.51,32.49,,,,,,67.51
Landry Shamet,SG,Spot-Up Shooters,role,,,22.21,5.14,7.04,13.05,52.55,52.55
Lauri Markkanen,PF,Primary Scorers,high,14.14,85.86,,,,,,85.86
LeBron James,SF,Primary Playmakers,high,86.28,13.72,,,,,,86.28
Leonard Miller,SF,Secondary Scorers,role,,,13.37,14.79,10.97,31.47,29.4,31.47
Lonzo Ball,PG,3-and-D Contributors,role,,,32.62,11.03,25.39,14.63,16.33,32.62
Luguentz Dort,SF,3-and-D Contributors,role,,,42.41,7.71,7.84,12.28,29.76,42.41
Luka Dončić,PG,Primary Playmakers,high,68.78,31.22,,,,,,68.78
Luka Garza,C,Spot-Up Shooters,role,,,22.47,20.4,9.93,18.1,29.11,29.11
Luke Kennard,SG,Spot-Up Shooters,role,,,31.95,8.6,10.79,14.0,34.65,34.65
Luke Kornet,C,Rim-Runners,role,,,16.45,52.37,9.32,9.54,12.32,52.37
Malik Monk,SG,Secondary Scorers,role,,,8.99,6.03,24.52,43.19,17.27,43.19
Marcus Smart,SG,3-and-D Contributors,role,,,53.53,5.29,10.89,10.37,19.92,53.53
Mark Williams,C,Rim-Runners,role,,,7.87,73.23,5.4,6.79,6.71,73.23
Marvin Bagley III,PF,Rim-Runners,role,,,12.43,38.04,12.02,19.69,17.83,38.04
Matas Buzelis,PF,Secondary Scorers,role,,,12.18,9.86,15.33,42.21,20.42,42.21
Max Christie,SG,Spot-Up Shooters,role,,,9.06,2.9,4.84,12.25,70.95,70.95
Maxime Raynaud,C,Secondary Scorers,role,,,14.09,18.95,14.3,27.36,25.3,27.36
Micah Peavy,SG,Spot-Up Shooters,role,,,26.45,7.79,8.99,14.93,41.85,41.85
Micah Potter,C,Spot-Up Shooters,role,,,18.11,7.69,10.01,21.41,42.78,42.78
Michael Porter Jr.,SF,Primary Scorers,high,19.89,80.11,,,,,,80.11
Mikal Bridges,SF,3-and-D Contributors,role,,,32.38,7.15,14.25,20.7,25.52,32.38
Mike Conley,PG,3-and-D Contributors,role,,,39.92,9.46,16.58,12.4,21.64,39.92
Miles Bridges,PF,Secondary Scorers,role,,,7.81,5.13,12.33,58.9,15.82,58.9
Miles McBride,SG,Spot-Up Shooters,role,,,19.75,5.06,12.14,24.96,38.1,38.1
Mitchell Robinson,C,Rim-Runners,role,,,17.02,50.71,9.9,10.22,12.14,50.71
Mohamed Diawara,SF,Spot-Up Shooters,role,,,20.91,4.51,9.09,19.47,46.02,46.02
Moses Moody,SG,Spot-Up Shooters,role,,,19.64,5.05,8.19,20.66,46.45,46.45
Mouhamed Gueye,PF,3-and-D Contributors,role,,,56.04,14.36,6.64,8.15,14.8,56.04
Moussa Cisse,C,Rim-Runners,role,,,12.69,58.19,8.83,9.66,10.63,58.19
Moussa Diabaté,C,Rim-Runners,role,,,10.61,68.76,6.38,6.36,7.88,68.76
Myles Turner,C,Spot-Up Shooters,role,,,21.91,12.43,10.64,21.58,33.44,33.44
Nae'Qwan Tomlin,PF,Spot-Up Shooters,role,,,30.6,15.79,8.21,14.71,30.68,30.68
Naji Marshall,SF,Secondary Scorers,role,,,12.38,7.49,26.15,37.29,16.69,37.29
Naz Reid,C,Secondary Scorers,role,,,16.77,10.82,18.47,36.05,17.89,36.05
Neemias Queta,C,Rim-Runners,role,,,8.77,73.43,5.48,5.92,6.41,73.43
Nic Claxton,C,Rim-Runners,role,,,13.44,40.45,17.18,15.28,13.65,40.45
Nick Richards,C,Rim-Runners,role,,,13.13,43.4,12.21,15.96,15.29,43.4
Nickeil Alexander-Walker,SG,Secondary Scorers,role,,,9.32,4.68,18.92,52.18,14.9,52.18
Nicolas Batum,PF,3-and-D Contributors,role,,,42.14,9.91,9.41,11.42,27.11,42.14
Nikola Jokić,C,Primary Playmakers,high,73.18,26.82,,,,,,73.18
Nikola Jović,PF,Secondary Scorers,role,,,13.27,6.85,28.74,34.82,16.32,34.82
Nikola Vučević,C,Secondary Scorers,role,,,11.53,11.15,15.98,43.23,18.11,43.23
Nique Clifford,SG,Spot-Up Shooters,role,,,14.85,6.92,19.21,27.75,31.26,31.26
Noah Clowney,PF,Spot-Up Shooters,role,,,13.82,5.82,9.74,28.16,42.46,42.46
Noah Penda,SF,3-and-D Contributors,role,,,44.99,15.54,11.15,11.42,16.9,44.99
Nolan Traoré,PG,Secondary Facilitators,role,,,10.16,7.21,46.76,22.82,13.05,46.76
Norman Powell,SG,Primary Scorers,high,13.92,86.08,,,,,,86.08
OG Anunoby,PF,3-and-D Contributors,role,,,32.66,8.68,12.55,23.57,22.53,32.66
Ochai Agbaji,SG,Spot-Up Shooters,role,,,20.71,12.5,8.17,15.45,43.17,43.17
Olivier-Maxence Prosper,PF,Spot-Up Shooters,role,,,14.2,6.34,8.49,28.15,42.83,42.83
Onyeka Okongwu,C,Secondary Scorers,role,,,20.91,11.24,16.73,31.15,19.97,31.15
Oso Ighodaro,PF,Rim-Runners,role,,,19.44,48.3,11.8,9.48,10.98,48.3
Ousmane Dieng,C,Secondary Scorers,role,,,11.24,8.06,20.65,38.74,21.31,38.74
P.J. Washington,PF,Secondary Scorers,role,,,14.6,12.5,11.71,39.0,22.19,39.0
Paolo Banchero,PF,Primary Scorers,high,45.04,54.96,,,,,,54.96
Pascal Siakam,PF,Primary Scorers,high,19.75,80.25,,,,,,80.25
Pat Spencer,PG,Secondary Facilitators,role,,,6.44,3.73,71.76,11.13,6.94,71.76
Patrick Williams,PF,Spot-Up Shooters,role,,,9.8,2.7,5.1,13.52,68.88,68.88
Paul George,PF,Secondary Scorers,role,,,15.33,6.99,25.56,36.23,15.9,36.23
Paul Reed,C,Rim-Runners,role,,,19.2,33.3,17.04,16.82,13.65,33.3
Payton Pritchard,PG,Secondary Scorers,role,,,10.83,5.56,28.48,37.14,17.99,37.14
Pelle Larsson,SG,Spot-Up Shooters,role,,,19.41,10.01,23.55,21.72,25.3,25.3
Pete Nance,PF,Spot-Up Shooters,role,,,19.16,6.78,7.67,12.75,53.63,53.63
Peyton Watson,SF,Secondary Scorers,role,,,12.83,9.85,12.92,41.0,23.4,41.0
Precious Achiuwa,C,Rim-Runners,role,,,15.72,25.63,12.34,23.17,23.14,25.63
Quentin Grimes,SG,Secondary Scorers,role,,,12.22,4.96,19.6,35.29,27.93,35.29
Quenton Jackson,PG,Secondary Facilitators,role,,,7.34,4.49,58.39,19.61,10.17,58.39
Quinten Post,PF,Spot-Up Shooters,role,,,17.35,7.58,12.2,29.9,32.97,32.97
RJ Barrett,SF,Primary Scorers,high,26.99,73.01,,,,,,73.01
Rasheer Fleming,PF,Spot-Up Shooters,role,,,24.01,9.18,7.64,16.46,42.71,42.71
Rayan Rupert,SG,3-and-D Contributors,role,,,32.13,13.38,12.66,17.64,24.19,32.13
Reed Sheppard,SG,Secondary Scorers,role,,,19.56,8.12,26.71,28.59,17.03,28.59
Rob Dillingham,PG,Secondary Facilitators,role,,,11.49,9.09,37.26,28.86,13.31,37.26
Robert Williams,C,Rim-Runners,role,,,14.6,55.52,9.29,9.92,10.68,55.52
Ron Holland,SF,3-and-D Contributors,role,,,30.84,15.58,16.83,20.14,16.61,30.84
Royce O'Neale,SF,3-and-D Contributors,role,,,46.75,6.14,10.43,12.47,24.2,46.75
Rudy Gobert,C,Rim-Runners,role,,,11.02,65.12,7.16,7.68,9.01,65.12
Rui Hachimura,PF,Spot-Up Shooters,role,,,14.35,6.19,6.52,14.34,58.6,58.6
Russell Westbrook,SF,Primary Playmakers,high,71.61,28.39,,,,,,71.61
Ryan Dunn,SF,3-and-D Contributors,role,,,74.36,6.19,4.18,5.19,10.08,74.36
Ryan Kalkbrenner,C,Rim-Runners,role,,,12.5,61.33,7.45,8.28,10.44,61.33
Ryan Nembhard,PG,Secondary Facilitators,role,,,12.66,8.58,44.81,19.0,14.95,44.81
Ryan Rollins,PG,Secondary Facilitators,role,,,6.99,4.39,60.58,19.9,8.15,60.58
Saddiq Bey,SF,Secondary Scorers,role,,,10.17,6.27,11.72,43.43,28.4,43.43
Sam Hauser,PF,Spot-Up Shooters,role,,,25.21,7.52,9.29,16.31,41.68,41.68
Sam Merrill,SG,Spot-Up Shooters,role,,,15.67,4.9,9.94,20.19,49.3,49.3
Sandro Mamukelashvili,C,3-and-D Contributors,role,,,28.84,9.22,11.0,23.68,27.25,28.84
Santi Aldama,PF,Secondary Scorers,role,,,12.22,6.6,14.38,46.37,20.43,46.37
Scoot Henderson,PG,Primary Scorers,high,36.41,63.59,,,,,,63.59
Scottie Barnes,PF,Secondary Facilitators,role,,,14.9,14.82,36.26,21.82,12.2,36.26
Shaedon Sharpe,SG,Primary Scorers,high,21.79,78.21,,,,,,78.21
Shai Gilgeous-Alexander,PG,Primary Playmakers,high,73.05,26.95,,,,,,73.05
Sharife Cooper,PG,Secondary Facilitators,role,,,11.53,9.38,37.2,24.57,17.31,37.2
Sidy Cissoko,SF,3-and-D Contributors,role,,,54.02,6.6,7.05,8.22,24.11,54.02
Simone Fontecchio,SF,Spot-Up Shooters,role,,,16.14,5.46,11.61,32.92,33.87,33.87
Sion James,SG,3-and-D Contributors,role,,,50.11,9.32,8.58,9.21,22.78,50.11
Spencer Jones,SF,3-and-D Contributors,role,,,40.15,13.2,7.95,10.32,28.38,40.15
Stephen Curry,PG,Primary Scorers,high,44.48,55.52,,,,,,55.52
Stephon Castle,PG,Secondary Facilitators,role,,,11.77,9.95,49.63,17.78,10.87,49.63
Steven Adams,C,Rim-Runners,role,,,13.04,58.04,8.82,9.04,11.06,58.04
Svi Mykhailiuk,SF,Spot-Up Shooters,role,,,14.57,6.34,11.26,19.81,48.02,48.02
T.J. McConnell,PG,Secondary Facilitators,role,,,12.61,9.49,45.03,20.46,12.42,45.03
Tari Eason,PF,Secondary Scorers,role,,,24.97,9.75,12.47,28.94,23.87,28.94
Taurean Prince,SF,Spot-Up Shooters,role,,,15.52,5.16,10.15,19.28,49.89,49.89
Taylor Hendricks,PF,Spot-Up Shooters,role,,,21.95,12.12,9.39,20.46,36.08,36.08
Terance Mann,SG,Spot-Up Shooters,role,,,24.26,10.71,17.77,15.71,31.55,31.55
Terrence Shannon Jr.,SG,Spot-Up Shooters,role,,,15.78,7.24,11.07,21.3,44.61,44.61
Thomas Bryant,C,Spot-Up Shooters,role,,,18.18,11.95,9.52,25.19,35.17,35.17
Tidjane Salaün,PF,3-and-D Contributors,role,,,36.27,12.02,8.52,13.97,29.22,36.27
Tim Hardaway Jr.,SG,Spot-Up Shooters,role,,,14.85,6.46,9.59,21.99,47.1,47.1
Tobias Harris,PF,Secondary Scorers,role,,,21.44,9.49,14.04,31.56,23.47,31.56
Tony Bradley,C,Rim-Runners,role,,,15.99,31.66,12.46,17.13,22.76,31.66
Toumani Camara,PF,Spot-Up Shooters,role,,,23.88,4.08,8.01,16.74,47.29,47.29
Trae Young,PG,Primary Playmakers,high,72.31,27.69,,,,,,72.31
Trayce Jackson-Davis,C,Rim-Runners,role,,,7.64,74.94,5.25,5.73,6.44,74.94
Tre Johnson,SG,Secondary Scorers,role,,,10.21,6.81,17.04,42.22,23.72,42.22
Tre Jones,PG,Secondary Facilitators,role,,,11.8,8.13,51.95,16.47,11.65,51.95
Tre Mann,PG,Secondary Scorers,role,,,8.38,5.01,35.0,39.84,11.77,39.84
Trendon Watford,PF,Secondary Facilitators,role,,,13.61,16.49,35.49,19.87,14.53,35.49
Trey Murphy III,SF,Secondary Scorers,role,,,7.48,3.7,14.36,60.85,13.61,60.85
Tristan Da Silva,SF,Spot-Up Shooters,role,,,24.79,4.15,5.6,13.64,51.82,51.82
Tristan Vukcevic,C,Primary Scorers,high,17.64,82.36,,,,,,82.36
Tyler Herro,SG,Secondary Scorers,role,,,7.68,5.4,22.55,51.75,12.61,51.75
Tyler Kolek,PG,Secondary Facilitators,role,,,10.3,5.98,59.95,13.9,9.88,59.95
Tyrese Martin,SG,Spot-Up Shooters,role,,,11.35,5.32,12.39,35.04,35.9,35.9
Tyrese Maxey,PG,Primary Playmakers,high,75.07,24.93,,,,,,75.07
Tyrese Proctor,PG,Secondary Facilitators,role,,,9.95,4.33,41.34,31.67,12.7,41.34
Tyus Jones,PG,3-and-D Contributors,role,,,34.1,11.01,16.13,14.14,24.62,34.1
VJ Edgecombe,SG,Secondary Scorers,role,,,9.83,4.35,25.52,46.34,13.96,46.34
Victor Wembanyama,C,Primary Scorers,high,34.28,65.72,,,,,,65.72
Vince Williams Jr.,SG,Secondary Facilitators,role,,,11.14,7.03,49.51,20.46,11.86,49.51
Vít Krejčí,PG,Spot-Up Shooters,role,,,25.6,5.95,7.38,14.03,47.03,47.03
Walter Clayton,PG,Secondary Facilitators,role,,,12.58,8.97,36.8,23.75,17.89,36.8
Wendell Carter Jr.,C,3-and-D Contributors,role,,,32.83,17.03,8.51,13.44,28.21,32.83
Will Richard,SG,3-and-D Contributors,role,,,62.7,5.89,7.0,7.9,16.5,62.7
Will Riley,SF,Secondary Scorers,role,,,10.91,6.94,18.02,37.18,26.95,37.18
Yves Missi,C,Rim-Runners,role,,,12.37,55.06,9.27,10.58,12.72,55.06
Zaccharie Risacher,SF,Spot-Up Shooters,role,,,22.83,6.57,7.28,21.38,41.95,41.95
Zach LaVine,SG,Secondary Scorers,role,,,9.68,6.75,16.68,44.37,22.52,44.37
Zeke Nnaji,PF,3-and-D Contributors,role,,,29.76,24.55,7.83,11.56,26.3,29.76
Ziaire Williams,SF,3-and-D Contributors,role,,,34.08,7.6,11.13,18.73,28.47,34.08
Zion Williamson,PF,Primary Scorers,high,42.31,57.69,,,,,,57.69
