Player,lebron_team,lebron_minutes,lebron_position,lebron_war,lebron,o_lebron,d_lebron,year
A.J. Lawson,TOR,226.06666666666663,SG,0.2010475634660698,-1.040490487,-0.989579709,-0.050910778,2026
Aj Green,MIL,2269.833333333333,SG,1.9734743422584888,-1.072306595,-0.41203271,-0.660273885,2026
Aj Johnson,WAS/DAL,453.3833333333333,SG,0.3628981450816637,-1.18274714,-0.708094125,-0.474653015,2026
Aaron Gordon,DEN,1004.8833333333332,PF,1.9339889245102484,0.610248577,1.384229195,-0.773980618,2026
Aaron Holiday,HOU,780.6166666666667,PG,0.2438220160226583,-1.967356662,-1.185470047,-0.781886614,2026
Aaron Nesmith,IND,1334.8166666666666,SF,1.2918382522167626,-0.915054155,-0.061328457,-0.853725699,2026
Aaron Wiggins,OKC,1413.8,SG,1.8777728833525955,-0.340128016,-0.75423981,0.414111795,2026
Ace Bailey,UTA,1987.5666666666664,SF,0.0235565803401377,-2.454563004,-0.915425333,-1.539137671,2026
Adama Bal,MEM,241.3,SG,-0.0721153742727374,-2.962786882,-1.853906052,-1.108880831,2026
Adem Bona,PHI,1233.9666666666667,C,1.1948887366994907,-0.914208229,-2.059460181,1.145251953,2026
Adou Thiero,LAL,148.9,SF,0.1079485869827903,-1.303605258,-0.870093892,-0.433511366,2026
Ajay Mitchell,OKC,1472.5833333333333,SG,4.465188530515996,2.39067717,0.880944563,1.509732607,2026
Al Horford,GSW,969.0166666666668,C,2.072449421137728,0.952099074,-0.186691527,1.138790601,2026
Alex Antetokounmpo,MIL,20.633333333333333,SF,0.0332237773747618,0.109169876,0.134546173,-0.025376298,2026
Alex Caruso,OKC,1020.1166666666668,SG,3.034607123900112,2.297333959,0.165506084,2.131827875,2026
Alex Morales,ORL,23.58333333333333,PG,0.029047780843512,-0.493890819,-0.288117588,-0.205773231,2026
Alex Sarr,WAS,1304.6,C,1.727111458247376,-0.346998915,-1.08866401,0.741665095,2026
Alijah Martin,TOR,145.6,SG,0.127873429088467,-1.058205916,-0.638496409,-0.419709507,2026
Alondes Williams,WAS,100.78333333333332,SG,0.1265527069213768,-0.455656493,-0.408898612,-0.04675788,2026
Alperen Sengun,HOU,2397.2833333333333,C,5.2851908454975645,1.057528803,1.05458759,0.002941213,2026
Amari Williams,BOS,145.65,PF,0.0728880242723518,-1.664152983,-2.060649136,0.396496152,2026
Amen Thompson,HOU,2952.883333333333,PG,8.307797332169907,2.035984545,1.077168728,0.958815817,2026
Amir Coffey,MIL/PHO,490.4333333333333,SG,0.0989921874129809,-2.146080944,-1.805182622,-0.340898322,2026
Andersson Garcia,UTA,168.75,SF,0.1367520130821881,-1.166802249,-1.350419516,0.183617267,2026
Andre Drummond,PHI,1230.6333333333334,C,1.7429985241192412,-0.199643258,-0.415447451,0.215804194,2026
Andre Jackson Jr.,MIL,408.03333333333336,SG,0.4342513259746803,-0.761019667,-1.501620847,0.740601181,2026
Andrew Nembhard,IND,1785.4333333333334,PG,3.0122319594185605,0.231706099,1.058989588,-0.827283489,2026
Andrew Wiggins,MIA,2062.5333333333333,SF,3.708974919804046,0.408823142,-0.560983784,0.969806926,2026
Anfernee Simons,BOS/CHI,1371.7333333333331,SG,2.138204212400292,0.027230041,0.892122049,-0.864892008,2026
Anthony Black,ORL,1909.8333333333333,PG,3.4945208598047004,0.459018909,0.201705989,0.25731292,2026
Anthony Davis,DAL,625.6,PF,1.5918437876668152,1.602403262,0.647228314,0.955174948,2026
Anthony Edwards,MIN,2136.5,SG,5.014219879078074,1.285291053,2.622656935,-1.337365881,2026
Anthony Gill,WAS,950.9,PF,-0.6409881047986453,-3.584004118,-2.585894585,-0.998109532,2026
Antonio Reeves,CHO,67.65,SG,0.0720043933053522,-0.760840952,-0.702581627,-0.058259324,2026
Ariel Hukporti,NYK,497.8,C,0.1942289775193337,-1.841746454,-3.085615139,1.243868685,2026
Asa Newell,ATL,499.85,PF,0.3934892522314116,-1.203894612,-0.69309511,-0.510799501,2026
Ausar Thompson,DET,1895.3166666666664,SF,6.247048562115658,2.82136379,-0.108993546,2.930357336,2026
Austin Reaves,LAL,1761.5333333333333,SG,5.340884398189849,2.390250229,2.295477197,0.094773033,2026
Ayo Dosunmu,CHI/MIN,1880.9166666666663,SG,1.4873086974348415,-1.1982559,-0.109198739,-1.089057162,2026
Bam Adebayo,MIA,2364.6,C,8.745495782204065,3.485863065,1.508050417,1.977812648,2026
Baylor Scheierman,BOS,1428.9833333333331,SG,1.9408663721386403,-0.292257955,-0.494692349,0.202434395,2026
Ben Saraf,BRK,916.2833333333332,SG,-0.6128299625879577,-3.575224162,-3.015761026,-0.559463136,2026
Ben Sheppard,IND,1390.2833333333333,SG,0.3989736690199648,-2.008353381,-1.241185018,-0.767168364,2026
Bennedict Mathurin,IND/LAC,1619.9833333333331,SF,2.46577829501398,-0.031166942,0.227373879,-0.258540821,2026
Bez Mbeng,UTA,492.1833333333333,SG,-0.0519901836368061,-2.646142703,-2.618745551,-0.027397152,2026
Bilal Coulibaly,WAS,1467.5333333333333,SG,0.6746083483461548,-1.7297337,-1.678329393,-0.051404307,2026
Bismack Biyombo,SAS,141.33333333333334,C,-0.0449152559021773,-2.993926003,-2.596109786,-0.397816216,2026
Blake Hinson,UTA,285.43333333333334,SF,0.268359319731683,-0.959190773,-0.057118321,-0.902072452,2026
Blake Wesley,POR,360.75,SG,0.2260077151697993,-1.461564813,-0.834841622,-0.626723191,2026
Bobby Portis,MIL,1619.2,PF,0.1669838237640692,-2.306168465,-0.445621582,-1.860546883,2026
Bobi Klintman,DET,71.35,SF,0.0463399443379563,-1.424683451,-0.750469405,-0.674214046,2026
Bogdan Bogdanovic,LAC,451.95,SG,0.1883191376265735,-1.799015324,-0.957041735,-0.841973589,2026
Bones Hyland,MIN,1176.75,PG,2.7890667458463376,1.322494,1.562406242,-0.239912242,2026
Bradley Beal,LAC,120.91666666666669,SG,0.0936363085154625,-1.224437191,-0.590293011,-0.634144179,2026
Branden Carlson,OKC,488.0833333333333,C,0.6542020037774315,-0.320726864,-0.450397333,0.129670469,2026
Brandin Podziemski,GSW,2332.3166666666666,SG,3.863291200737704,0.182799361,-0.586875856,0.769675216,2026
Brandon Clarke,MEM,20.433333333333337,PF,0.0211746369681188,-0.805681737,-0.555088071,-0.250593666,2026
Brandon Ingram,TOR,2603.7166666666667,SF,2.930939552316796,-0.663000402,0.17757908,-0.840579482,2026
Brandon Miller,CHO,1968.1333333333337,SF,4.667954277876474,1.325096507,1.194664938,0.13043157,2026
Brandon Williams,DAL,1462.4166666666667,PG,3.2044822513449245,1.036043477,1.122020464,-0.085976987,2026
Brice Sensabaugh,UTA,1761.7833333333333,SF,0.6387868275304508,-1.886257957,0.258541222,-2.14479918,2026
Bronny James,LAL,375.48333333333335,SG,-0.1197837981246571,-2.995925938,-2.044836907,-0.951089031,2026
Brook Lopez,LAC,1635.1333333333334,C,2.413034707074329,-0.105015707,-1.181958354,1.076942647,2026
Brooks Barnhizer,OKC,347.8,SG,-0.0302595079094246,-2.615719139,-2.503538871,-0.112180268,2026
Bruce Brown,DEN,1997.5666666666664,SG,0.3154567214841617,-2.217262721,-1.820323815,-0.396938906,2026
Bryce Mcgowens,NOP,879.8666666666667,SG,0.646438734366022,-1.28801641,-0.347721321,-0.940295089,2026
Bub Carrington,WAS,2270.45,PG,-4.135487879697143,-5.554893824,-2.610262651,-2.944631173,2026
Buddy Boeheim,OKC,15.0,SF,0.0138750961641369,-0.983447307,-0.162849652,-0.820597656,2026
Buddy Hield,GSW/ATL,819.1166666666666,SG,0.5803069912368587,-1.330084431,-0.616693604,-0.713390827,2026
Cj Huntley,PHO,40.4,SF,0.0496780469581626,-0.497164657,-0.169969854,-0.327194803,2026
Cj Mccollum,WAS/ATL,2263.05,PG,3.054466771422452,-0.305806131,0.855327676,-1.161133807,2026
Cade Cunningham,DET,2171.45,PG,10.439758848064136,5.382999422,4.103547394,1.279452028,2026
Caleb Houstan,ATL,75.46666666666667,SF,0.0640990499062739,-1.104408771,-0.674690272,-0.429718499,2026
Caleb Love,POR,1012.4833333333332,SG,0.0338369742147449,-2.419464137,-0.440913387,-1.97855075,2026
Caleb Martin,DAL,855.9666666666667,SF,0.5444975703527101,-1.446113673,-2.301230105,0.855116432,2026
Cam Christie,LAC,479.7166666666666,SG,0.2879586134737361,-1.503673862,-1.414891822,-0.08878204,2026
Cam Spencer,MEM,1714.2166666666667,SG,2.3670244939936977,-0.256239628,0.989693953,-1.24593358,2026
Cam Thomas,BRK/MIL,880.4166666666666,SG,0.4635488263261305,-1.622205602,0.882218336,-2.504423938,2026
Cam Whitmore,WAS,353.9166666666667,SF,0.0855582783514391,-2.081489862,-0.787976366,-1.293513495,2026
Cameron Johnson,DEN,1646.9,SF,3.132639283189986,0.574445636,0.805571463,-0.231125827,2026
Cameron Payne,PHI,374.3333333333333,PG,0.5736665272338404,-0.014599008,0.172837183,-0.18743619,2026
Caris Levert,DET,1154.3166666666666,SG,0.7134750344685261,-1.475051677,-1.390408688,-0.084642989,2026
Carter Bryant,SAS,817.7333333333333,PF,0.6277747223562603,-1.235146037,-1.268613205,0.033467167,2026
Cason Wallace,OKC,2045.8333333333333,SG,5.927564732593038,2.17183287,-0.477647474,2.649480344,2026
Cedric Coward,MEM,1597.8166666666666,SG,1.2882742697436549,-1.173382729,-0.572646667,-0.600736062,2026
Chaney Johnson,BRK,347.56666666666666,SF,0.3364132454843817,-0.914881643,-1.530531328,0.615649685,2026
Charles Bassey,MEM/PHI/BOS/GSW,152.70000000000002,C,0.1635176889592492,-0.750503347,-0.321210627,-0.42929272,2026
Chaz Lanier,DET,261.93333333333334,SG,0.0211392290587057,-2.342588454,-0.716155042,-1.626433413,2026
Chet Holmgren,OKC,1997.1333333333337,PF,9.283055948986362,5.102753104,1.637755896,3.464997208,2026
Chris Boucher,BOS,94.13333333333334,PF,0.1003941899588077,-0.757418534,-0.768084558,0.010666023,2026
Chris Livingston,CLE,17.416666666666668,SF,0.0198464368180834,-0.640931341,-0.321737158,-0.319194183,2026
Chris Manon,LAL,46.083333333333336,SG,0.0506819645826205,-0.704304708,-0.151833873,-0.552470835,2026
Chris Paul,LAC,227.53333333333333,PG,0.1802543203058661,-1.195894903,-1.015148739,-0.180746164,2026
Chris Youngblood,OKC/POR,185.03333333333333,SG,0.0899723158359857,-1.686976414,-0.754468963,-0.93250745,2026
Christian Braun,DEN,1398.9833333333331,SG,1.8703587329203288,-0.326157012,-0.361312412,0.0351554,2026
Christian Koloko,LAL/MEM/ATL,356.6166666666667,C,0.2317346519378298,-1.424136624,-1.940879763,0.516743139,2026
Chucky Hepburn,TOR,13.233333333333333,PG,0.0114794012101146,-1.075465371,-0.362191863,-0.713273507,2026
Clint Capela,HOU,925.35,C,1.251206228824228,-0.301931913,-1.218196272,0.916264359,2026
Coby White,CHI/CHO,1249.65,SG,1.798768023385802,-0.162882142,1.644715899,-1.807598041,2026
Cody Martin,IND,55.16666666666666,SF,0.0549885239708847,-0.868775741,-0.745290718,-0.123485024,2026
Cody Williams,UTA,1630.4666666666667,SG,-0.517978245683503,-2.993745848,-2.332421489,-0.661324359,2026
Colby Jones,DET,6.816666666666666,SG,0.0058585658769669,-1.088284837,-0.269809305,-0.818475532,2026
Cole Anthony,MIL,526.6,PG,0.1026120651800519,-2.157400772,-1.712955491,-0.444445281,2026
Colin Castleton,ORL,21.383333333333333,C,0.02478081472043,-0.610022508,-0.331211886,-0.278810622,2026
Collin Gillespie,PHO,2281.5666666666666,PG,6.245393919125828,1.913003977,0.678357628,1.234646349,2026
Collin Murray-Boyles,TOR,1245.3833333333334,PF,2.401750884016803,0.616521942,-0.58550614,1.202028083,2026
Collin Sexton,CHO/CHI,1613.0,SG,1.609507210208978,-0.867076597,0.900398259,-1.767474856,2026
Cooper Flagg,DAL,2343.75,SF,3.3858397021511752,-0.154586173,-0.177710437,0.023124264,2026
Corey Kispert,WAS/ATL,1079.5,SF,0.9837254886740938,-1.005392775,0.282957531,-1.288350305,2026
Cormac Ryan,MIL,270.65,SG,0.2930292219011036,-0.73159879,-0.164510958,-0.567087832,2026
Craig Porter Jr.,CLE,1147.4833333333331,PG,3.062241373259344,1.802249497,0.625545838,1.176703659,2026
Curtis Jones,DEN,87.71666666666667,SG,0.0821397258168869,-0.965202151,-0.275995259,-0.689206893,2026
D'Angelo Russell,DAL,494.7,PG,0.3669376504474087,-1.276740253,0.200575781,-1.477316035,2026
Daquan Jeffries,SAC,59.9,SG,0.0743688972431881,-0.478198352,-0.317787095,-0.160411258,2026
Daron Holmes Ii,DEN,209.4833333333333,PF,0.101468207615028,-1.68999498,-1.09213803,-0.59785695,2026
Daeqwon Plowden,SAC,844.3333333333334,SG,0.3912282446633672,-1.72382605,-0.903582277,-0.820243773,2026
Dalano Banton,LAC/BOS,61.650000000000006,PG,0.0538486689851155,-1.065873392,-0.520327399,-0.545545993,2026
Dalen Terry,CHI/PHI,550.9833333333333,SG,0.5983324806656942,-0.726413747,-1.186739529,0.460325783,2026
Dalton Knecht,LAL,552.8666666666667,SF,-0.4104540517131035,-3.698139943,-2.056181049,-1.641958894,2026
Daniel Gafford,DAL,1194.25,C,2.4671621955841663,0.835723127,-0.870646048,1.706369175,2026
Daniss Jenkins,DET,1455.1333333333334,PG,2.409626774114845,0.182052459,0.050153809,0.13189865,2026
Danny Wolf,BRK,1187.05,PF,1.2665401134774836,-0.756693996,-1.495909888,0.739215892,2026
Dario Saric,SAC,41.23333333333333,C,0.0440060651687182,-0.756246264,-0.784933094,0.02868683,2026
Dariq Whitehead,MEM,182.81666666666663,SF,0.062444700425958,-1.920164992,-0.719119178,-1.201045814,2026
Darius Brown,CLE,2.6666666666666665,SG,0.0032815915778998,-0.495662429,-0.128462723,-0.367199706,2026
Darius Garland,CLE/LAC,1344.1666666666663,PG,2.408907106258898,0.399032817,1.926388132,-1.527355315,2026
David Jones Garcia,SAS,67.96666666666667,SF,0.083677795720975,-0.494765626,-0.233921327,-0.260844298,2026
David Roddy,DEN,73.01666666666667,PF,0.0607851002337267,-1.131429618,-0.329098514,-0.802331104,2026
Davion Mitchell,MIA,2000.2,PG,2.975871792645197,-0.085827692,-0.451443601,0.365615909,2026
Day'Ron Sharpe,BRK,1159.8,C,2.144145489942426,0.489258834,-0.701835877,1.191094711,2026
De'Aaron Fox,SAS,2231.0,PG,5.812096822745674,1.699963692,1.477767255,0.222196437,2026
De'Andre Hunter,CLE/SAC,1175.4333333333334,SF,1.2561702887115402,-0.753944412,-0.158998508,-0.594945905,2026
De'Anthony Melton,GSW,1125.1,PG,2.140956077178704,0.575657616,-0.188730783,0.764388399,2026
Deandre Jordan,NOP,198.8,C,0.1863413810605936,-0.963747819,-1.468252536,0.504504717,2026
Dejon Jarreau,MEM,230.7333333333333,SG,0.0726072812504872,-1.963584798,-1.564844213,-0.398740585,2026
Demar Derozan,SAC,2405.366666666667,PF,1.9681003913516544,-1.154268856,0.112683411,-1.266952267,2026
Dean Wade,CLE,1317.4833333333331,PF,2.5520364104883506,0.630129851,-0.286613377,0.916743228,2026
Deandre Ayton,LAL,1958.25,C,2.619253350072055,-0.325190377,-0.985511338,0.660320961,2026
Dejounte Murray,NOP,389.4166666666667,PG,0.9807533929474962,1.560630576,0.997514836,0.56311574,2026
Deni Avdija,POR,2199.116666666667,SF,5.733994891131913,1.703593516,2.207492617,-0.503899101,2026
Dennis Schroder,SAC/CLE,1696.1999999999998,PG,1.6319662813986495,-0.924115671,0.120828705,-1.044944376,2026
Dereck Lively Ii,DAL,115.23333333333332,C,0.1686513204157627,-0.124415765,-1.001807166,0.877391401,2026
Derik Queen,NOP,2023.233333333333,C,2.46931342327854,-0.511794628,-0.469871972,-0.041922656,2026
Derrick Jones Jr.,LAC,1349.4833333333331,SF,2.0861525366701,0.006727221,-0.781290129,0.788017351,2026
Derrick White,BOS,2624.8,SG,11.429942598157195,4.594174487,2.270553446,2.323621041,2026
Desmond Bane,ORL,2755.866666666667,SG,7.159753559096576,1.688457435,1.315603729,0.372853706,2026
Devin Booker,PHO,2146.1666666666665,SG,6.637042932274407,2.488806129,2.849846919,-0.361040791,2026
Devin Carter,SAC,699.8166666666667,PG,1.0586537154805131,-0.046048877,0.173068413,-0.21911729,2026
Devin Vassell,SAS,2044.15,SG,3.0442176135166163,-0.083522887,0.769358234,-0.852881121,2026
Dillon Brooks,PHO,1701.35,SF,2.498723238482739,-0.116279824,-0.034555702,-0.081724122,2026
Dillon Jones,NYK,39.38333333333333,SF,0.0326230420747182,-1.138048962,-0.613890482,-0.524158479,2026
Domantas Sabonis,SAC,563.5833333333334,C,1.2738635037801032,1.146541229,0.639260982,0.507280248,2026
Dominick Barlow,PHI,1688.3833333333334,PF,1.647118320584623,-0.902660087,-1.40427466,0.501614573,2026
Donovan Clingan,POR,2093.35,C,7.642784014222632,3.406858725,1.056917799,2.349940926,2026
Donovan Mitchell,CLE,2341.9333333333334,SG,8.577672177026711,3.426232523,3.700450483,-0.27421796,2026
Donte Divincenzo,MIN,2493.833333333333,SG,4.714065128337321,0.555540771,0.19609407,0.359446701,2026
Dorian Finney-Smith,HOU,620.15,PF,-0.292428133750744,-3.247561957,-2.775144563,-0.472417395,2026
Doug Mcdermott,SAC,439.1666666666667,SF,0.0940609166272666,-2.12610774,-0.833455516,-1.292652225,2026
Drake Powell,BRK,1319.4,SG,-1.834047752650776,-4.798907463,-3.351693668,-1.447213796,2026
Draymond Green,GSW,1868.7166666666667,PF,2.0015330148002013,-0.750134941,-2.014953239,1.264818298,2026
Drew Eubanks,SAC,552.2,C,0.4141299414972259,-1.263560259,-2.175175266,0.911615007,2026
Drew Peterson,CHO,64.26666666666667,PF,0.0770813776003868,-0.545407406,-0.550056084,0.004648678,2026
Drew Timme,LAL,235.06666666666663,PF,-0.0328412821666227,-2.701842933,-1.189624735,-1.512218198,2026
Dru Smith,MIA,1141.1666666666667,SG,2.1052496780576404,0.483044627,-0.864571309,1.347615936,2026
Duncan Robinson,DET,2112.733333333333,SF,4.70847409662043,1.095854047,1.241162161,-0.145308114,2026
Duop Reath,POR,258.1,C,0.063399479550847,-2.075192463,-1.822011594,-0.253180869,2026
Dwight Powell,DAL,904.25,C,0.952979172165002,-0.777566611,-2.0306354,1.253068789,2026
Dylan Cardwell,SAC,906.45,C,2.1272349018908723,1.285040963,-1.374810369,2.659851332,2026
Dylan Harper,SAS,1557.8166666666666,SG,3.3262792327354265,0.94651322,0.479296369,0.467216851,2026
Dyson Daniels,ATL,2519.3,SG,7.477935407560893,2.286772995,0.379510415,1.907262579,2026
E.J. Liddell,BRK,349.18333333333334,PF,0.2297049916580799,-1.41126742,-1.326310211,-0.084957209,2026
Egor Demin,BRK,1308.1,PG,1.2846312131218105,-0.892276732,-1.018359675,0.126082943,2026
Elijah Harkless,UTA,544.7666666666667,SG,0.5879519623639451,-0.737047584,-0.716636496,-0.020411088,2026
Emanuel Miller,CHI,33.05,PF,0.0418627571674788,-0.438187793,-0.369097801,-0.069089992,2026
Enrique Freeman,MIN,37.2,PF,0.0393482884215423,-0.771403501,0.003276001,-0.774679502,2026
Eric Gordon,PHI,73.75,SG,0.0460012424869818,-1.465976758,-0.694549197,-0.77142756,2026
Ethan Thompson,IND,653.1333333333333,SG,0.5911117771317179,-1.015367591,-1.020023788,0.004656196,2026
Evan Mobley,CLE,2074.083333333333,PF,7.146482130661311,3.067157705,1.721070039,1.346087666,2026
Franz Wagner,ORL,1018.95,SF,3.03062773294068,2.296523232,1.688080374,0.608442858,2026
Gg Jackson,MEM,1177.6333333333334,PF,1.1909116738595895,-0.84560934,-0.761882777,-0.083726563,2026
Gabe Vincent,LAL/ATL,878.9833333333333,PG,-0.2365042421529674,-2.913826985,-1.35990239,-1.553924595,2026
Garrett Temple,TOR,72.95,SG,0.0476959591343155,-1.417713922,-1.05403449,-0.363679432,2026
Garrison Mathews,IND,196.03333333333333,SG,0.1749267645302891,-1.035688098,-1.199788275,0.164100177,2026
Gary Harris,MIL,660.6833333333333,SG,-0.2094694364912733,-2.99269722,-3.465717348,0.473020128,2026
Gary Payton Ii,GSW,1141.9166666666667,SG,2.9494285367487474,1.664112499,1.308401344,0.355711155,2026
Gary Trent Jr.,MIL,1377.25,SG,-0.963060844871374,-3.626024331,-1.636292216,-1.989732116,2026
Giannis Antetokounmpo,MIL,1039.1833333333334,PF,4.848185229019588,5.132810009,5.496157338,-0.363347329,2026
Goga Bitadze,ORL,971.9166666666666,C,2.8500930897323453,2.228667295,0.41666799,1.811999305,2026
Gradey Dick,TOR,1066.5,SG,-0.006638961457287,-2.483997676,-1.800195427,-0.68380225,2026
Grant Nelson,BRK,35.0,PF,0.0505571715383955,-0.154800162,-0.342601261,0.187801099,2026
Grant Williams,CHO,711.4,PF,1.044587738637326,-0.11678308,-0.678729391,0.561946312,2026
Grayson Allen,PHO,1467.1,SG,2.718041179431607,0.495544488,1.863796192,-1.368251704,2026
Guerschon Yabusele,NYK/CHI,1006.9166666666669,C,0.7863322604019931,-1.213957363,-0.761858791,-0.452098572,2026
Gui Santos,GSW,1395.2,PF,2.240445799971112,0.102200295,-0.674272641,0.776472936,2026
Harrison Barnes,SAS,1986.4,PF,3.1766074200430228,0.091613267,0.27356613,-0.181952863,2026
Harrison Ingram,SAS,26.116666666666667,SF,0.0255786666426183,-0.896524213,-0.416167198,-0.480357015,2026
Hayden Gray,UTA,24.75,PG,0.0311862255105179,-0.448708225,-0.318454365,-0.130253859,2026
Haywood Highsmith,PHO,90.75,SF,0.1150327556916883,-0.436706383,-0.193218808,-0.243487576,2026
Herbert Jones,NOP,1588.25,SF,2.175173836951977,-0.274210479,-1.269166456,0.994955977,2026
Hugo Gonzalez,BOS,1083.6833333333334,SF,1.5807455110933366,-0.132198117,-1.980737093,1.848538976,2026
Hunter Dickinson,NOP,42.45,C,0.0407408854549458,-0.927938823,-0.379236754,-0.548702069,2026
Hunter Sallis,PHI,25.666666666666668,SG,0.0202562134530884,-1.200710551,-0.442423632,-0.758286919,2026
Hunter Tyson,DEN,161.9,PF,0.1038605384401753,-1.437462481,-0.899020089,-0.538442393,2026
Immanuel Quickley,TOR,2231.083333333333,PG,6.607633032951913,2.276005723,1.968965471,0.307040252,2026
Isaac Jones,SAC/DET,35.68333333333334,PF,0.0368892154621228,-0.809649766,-0.417995606,-0.391654161,2026
Isaac Okoro,CHI,1694.6833333333334,SG,0.2734748016120484,-2.211666332,-1.184387509,-1.027278823,2026
Isaiah Collier,UTA,1516.85,PG,0.1962018841188508,-2.263607199,-1.0887561,-1.174851099,2026
Isaiah Crawford,HOU,92.1,SF,0.0533141726785585,-1.538041182,-0.97415503,-0.563886152,2026
Isaiah Hartenstein,OKC,1137.25,C,4.252547230842295,3.553834046,0.957040038,2.596794008,2026
Isaiah Jackson,IND/LAC,908.1833333333334,C,1.4017152786668177,0.002805161,-0.776554087,0.779359248,2026
Isaiah Joe,OKC,1507.2,SG,3.202271219321302,0.929623027,0.946891007,-0.01726798,2026
Isaiah Livers,PHO,347.3,PF,0.0251463948714357,-2.356074041,-2.552876524,0.196802482,2026
Isaiah Stevens,SAC,42.78333333333333,PG,0.063710631785761,-0.083662939,-0.186971349,0.10330841,2026
Isaiah Stewart,DET,1317.0,C,1.5947449661911424,-0.527080508,-0.879260852,0.352180344,2026
Ivica Zubac,LAC/IND,1446.5166666666669,C,2.106966653087419,-0.135541673,-0.273940274,0.138398601,2026
Jd Davison,HOU,218.4,PG,0.094820383994595,-1.770852282,-1.089295677,-0.681556606,2026
Ja Morant,MEM,568.45,PG,1.4023395254391249,1.477801637,1.705763923,-0.227962286,2026
Ja'Kobe Walter,TOR,1473.4,SG,1.5704134474185591,-0.758483655,-0.993689951,0.235206296,2026
Jabari Smith Jr.,HOU,2705.116666666667,PF,5.564631057752937,0.821684382,0.041004775,0.780679607,2026
Jabari Walker,PHI,761.6,PF,0.5046144785671586,-1.403668147,-1.390964056,-0.012704091,2026
Jacob Toppin,ATL,16.866666666666667,SF,0.0182250570766875,-0.735030216,-0.381446812,-0.353583404,2026
Jaden Hardy,DAL/WAS,898.0,SG,0.0559996986938242,-2.372400397,-0.191602668,-2.18079773,2026
Jaden Ivey,DET/CHI,670.1666666666667,SG,0.4004855000632174,-1.507973529,-0.828856249,-0.67911728,2026
Jaden Mcdaniels,MIN,2316.2166666666667,PF,1.8960730380828008,-1.153635672,-1.386830221,0.233194549,2026
Jae'Sean Tate,HOU,404.56666666666666,SF,-0.1646621960132017,-3.140923439,-2.007062733,-1.133860706,2026
Jahmai Mashack,MEM,673.1,SG,-0.4976977059930287,-3.693122495,-2.933059086,-0.760063409,2026
Jahmir Young,MIA,58.18333333333333,PG,0.0546752149662129,-0.959952091,-0.480703796,-0.479248295,2026
Jahmyl Telfort,LAC,32.03333333333333,PF,0.0352928314936344,-0.701170813,-0.187025303,-0.51414551,2026
Jaime Jaquez Jr.,MIA,2121.1,SF,1.2486742466660108,-1.522267126,-0.649015121,-0.873252005,2026
Jake Laravia,LAL,2061.3,PF,1.657950529158269,-1.176502678,-0.610469308,-0.56603337,2026
Jakob Poeltl,TOR,1148.9333333333334,C,1.6413849027688256,-0.180089552,-1.097284513,0.917194961,2026
Jalen Brunson,NYK,2589.4666666666667,PG,7.351207565376149,2.077125084,3.527560037,-1.450434954,2026
Jalen Duren,DET,1975.75,C,7.904647054527724,3.992223481,2.616743092,1.375480388,2026
Jalen Green,PHO,828.1833333333333,SG,1.04373570570631,-0.448354641,0.76056109,-1.208915731,2026
Jalen Johnson,ATL,2531.4333333333334,SF,5.876456491865858,1.244376628,1.059166248,0.18521038,2026
Jalen Pickett,DEN,806.45,SG,-0.2032777741232533,-2.885914526,-1.512345528,-1.373568998,2026
Jalen Slawson,IND,310.51666666666665,SF,0.4413752740259209,-0.191550827,-0.899233806,0.707682979,2026
Jalen Smith,CHI,1095.3,C,2.5782213050842646,1.296450037,0.212190428,1.084259609,2026
Jalen Suggs,ORL,1573.4333333333334,PG,4.5620886304456,2.175177686,0.623227625,1.551950061,2026
Jalen Williams,OKC,935.8666666666668,SG,2.3780541496243357,1.59679359,1.440890624,0.155902966,2026
Jalen Wilson,BRK,859.1666666666666,PF,0.0273869905681715,-2.421975367,-1.669228194,-0.752747173,2026
Jamal Cain,ORL,485.8833333333333,SF,0.5294993182052161,-0.720300192,-0.501984625,-0.218315567,2026
Jamal Murray,DEN,2651.6666666666665,PG,6.394482114527496,1.388803181,3.170690954,-1.781887774,2026
Jamal Shead,TOR,1852.0166666666669,PG,3.0365521975473038,0.155994247,-0.117103754,0.273098001,2026
Jamaree Bouyea,PHO,643.9,PG,0.8838769410820801,-0.269188737,-0.509550003,0.240361266,2026
James Harden,LAC/CLE,2438.45,PG,6.967478050535362,2.106982496,3.304156821,-1.197174325,2026
James Wiseman,IND,58.45,C,0.0486967737533266,-1.130384576,-1.007535055,-0.122849521,2026
Jamir Watkins,WAS,1032.0666666666666,SG,0.6915823917913761,-1.391599416,-1.525108825,0.133509409,2026
Jamison Battle,TOR,516.7,SF,-0.2326736547802674,-3.212440931,-1.762870115,-1.449570816,2026
Jarace Walker,IND,1953.1833333333336,PF,-0.2474922889170985,-2.680590871,-1.435802306,-1.244788565,2026
Jared Mccain,PHI/OKC,1159.5333333333333,SG,-0.1294364176913093,-2.655939064,-0.809264161,-1.846674903,2026
Jaren Jackson Jr.,MEM/UTA,1454.5166666666669,C,2.422048132363289,0.1967762,-1.077121152,1.273897351,2026
Jarred Vanderbilt,LAL,1127.6333333333334,PF,1.0728248111944363,-0.94127086,-1.534667885,0.593397024,2026
Jarrett Allen,CLE,1518.9666666666667,C,4.36544631749944,2.133888095,0.93914437,1.194743725,2026
Jase Richardson,ORL,586.65,SG,0.1124636927929005,-2.162508104,-0.889420162,-1.273087942,2026
Javon Small,MEM,829.8666666666667,PG,1.0635539977135722,-0.41436246,0.228383641,-0.642746102,2026
Javonte Cooke,POR,93.65,SG,0.1060865531803519,-0.651636298,-0.551726382,-0.099909915,2026
Javonte Green,DET,1445.6333333333334,SG,2.8297528177520115,0.662666125,-1.216818034,1.879484159,2026
Jaxson Hayes,LAL,1206.4666666666667,C,2.1232914415105437,0.347724013,-0.041824887,0.3895489,2026
Jay Huff,IND,1719.05,C,2.2256836242146947,-0.393449198,-0.798125765,0.404676568,2026
Jaylen Brown,BOS,2442.7166666666667,SF,6.081980556671081,1.514559254,1.865381691,-0.350822437,2026
Jaylen Clark,MIN,887.4666666666667,SG,0.9877479807471532,-0.683228838,-0.464604358,-0.21862448,2026
Jaylen Wells,MEM,1820.4333333333336,SG,2.122090450388828,-0.599141648,-0.43988379,-0.159257858,2026
Jaylin Williams,OKC,1277.2,PF,2.7678875513803267,0.997556302,-1.11703165,2.114587951,2026
Jaylon Tyson,CLE,1777.25,SG,3.413631645089914,0.604103613,0.804232444,-0.200128831,2026
Jayson Kent,POR,22.466666666666665,SF,0.0306289678364751,-0.284143737,-0.140197769,-0.143945968,2026
Jayson Tatum,BOS,521.8,PF,2.0551108949811483,3.88726015,3.04651076,0.84074939,2026
Jeff Green,HOU,174.81666666666666,PF,0.0083627269464257,-2.396013693,-1.015923917,-1.380089776,2026
Jerami Grant,POR,1695.05,PF,2.2454852652970643,-0.3456154,0.430702157,-0.776317557,2026
Jeremiah Fears,NOP,2111.7833333333333,PG,1.3140943983189275,-1.468349543,-0.05737866,-1.410970883,2026
Jeremiah Robinson-Earl,IND/DAL,360.5333333333333,PF,0.1922781934081238,-1.611262516,-0.797179793,-0.814082723,2026
Jeremy Sochan,SAS/NYK,468.4166666666666,PF,0.0146539210480964,-2.422938984,-1.960348821,-0.462590164,2026
Jericho Sims,MIL,1317.7166666666667,C,-0.8617523502584513,-3.550471304,-2.796356191,-0.754115113,2026
Jett Howard,ORL,695.2166666666667,SF,0.3718955843824796,-1.608659638,0.01692826,-1.625587899,2026
Jevon Carter,CHI/ORL,867.4,PG,0.7491841251527717,-1.081461897,-0.442209738,-0.63925216,2026
Jimmy Butler Iii,GSW,1181.65,SF,4.105539767473365,3.114641114,2.850250644,0.26439047,2026
Joan Beringer,MIN,314.1166666666667,PF,0.3414255446951638,-0.724813096,-0.299546908,-0.425266188,2026
Jock Landale,MEM/ATL,1505.8333333333337,C,2.359774883420636,0.040496384,0.471142441,-0.430646057,2026
Joe Ingles,MIN,152.63333333333333,SF,0.0916311730419556,-1.503565996,-0.738900292,-0.764665704,2026
Joel Embiid,PHI,1200.5166666666669,C,3.1543265460890413,1.735900215,2.451843223,-0.715943007,2026
John Collins,LAC,1871.3833333333337,PF,2.7928595931442324,-0.078473415,-0.454887472,0.376414056,2026
John Konchar,MEM/UTA,1114.55,SG,1.651060058276893,-0.096051337,-1.356368061,1.260316724,2026
John Poulakidas,DAL,253.41666666666663,SG,0.1909718677500377,-1.257753019,-0.496200977,-0.761552042,2026
John Tonje,BOS,41.88333333333333,SG,0.0375744481115758,-1.02802854,-0.578647611,-0.449380929,2026
Johni Broome,PHI,54.73333333333333,C,0.0444438457852033,-1.164201591,-0.59604918,-0.568152411,2026
Johnny Furphy,IND,642.95,SG,0.6743094515646434,-0.785732065,-2.115225312,1.329493247,2026
Johnny Juzang,MIN,87.68333333333334,SG,0.067763488600687,-1.226946083,-0.24817367,-0.978772412,2026
Jonas Valanciunas,DEN,870.9833333333333,C,1.1850768649429897,-0.288426388,0.16671722,-0.455143608,2026
Jonathan Isaac,ORL,520.6833333333333,PF,0.8578344360645932,0.168618452,-1.413896536,1.582514988,2026
Jonathan Kuminga,GSW/ATL,830.4333333333334,PF,1.0823092921140094,-0.379759329,-0.565599548,0.185840219,2026
Jonathan Mogbo,TOR,248.81666666666663,PF,0.0581793859191814,-2.094310018,-2.286830122,0.192520104,2026
Jordan Clarkson,NYK,1279.2833333333333,SG,0.5367775254731085,-1.794323948,-0.278447841,-1.515876107,2026
Jordan Goodwin,PHO,1571.4833333333331,PG,4.305531770779922,1.916977075,1.063653588,0.853323487,2026
Jordan Hawkins,NOP,691.8833333333333,SG,-0.6317907202864542,-3.984881421,-1.984685045,-2.000196376,2026
Jordan Mclaughlin,SAS,281.5833333333333,PG,0.1431148068154135,-1.651575976,-1.609806679,-0.041769297,2026
Jordan Miller,LAC,1324.7,SF,1.4053871581663755,-0.766358935,0.195153275,-0.961512211,2026
Jordan Poole,NOP,933.15,PG,0.4507295406526592,-1.692174617,0.882215987,-2.574390604,2026
Jordan Walsh,BOS,1211.7,PF,1.4927420541689973,-0.493520497,-1.185615153,0.692094656,2026
Jose Alvarado,NOP/NYK,1370.1,PG,0.8666781604625999,-1.451818749,-0.463042729,-0.98877602,2026
Josh Giddey,CHI,1731.2666666666669,PG,3.226109425992464,0.512726189,1.280253976,-0.767527786,2026
Josh Green,CHO,907.6666666666666,SG,0.8024364524087578,-1.048908067,-1.287945748,0.239037681,2026
Josh Hart,NYK,1993.3833333333337,SF,4.7177585962503565,1.316988278,0.270904155,1.046084123,2026
Josh Minott,BOS/BRK,833.5833333333333,PF,1.102632592759,-0.348752801,-1.001462463,0.652709662,2026
Josh Oduro,NOP,81.76666666666667,PF,0.098378029562009,-0.539416917,-0.056701974,-0.482714944,2026
Josh Okogie,HOU,1353.45,SG,1.7860222237872214,-0.353781068,-1.010538994,0.656757926,2026
Jrue Holiday,POR,1560.3166666666666,PG,3.861408804926441,1.490336217,0.80608633,0.684249887,2026
Julian Champagnie,SAS,2265.766666666667,SF,5.677570783888212,1.540201961,0.159799303,1.380402658,2026
Julian Phillips,CHI/MIN,426.9833333333333,SF,0.0254080618815414,-2.377040713,-2.28268037,-0.094360343,2026
Julian Reese,WAS,401.5,PF,0.1306730743775336,-1.946171927,-1.501199393,-0.444972535,2026
Julian Strawther,DEN,860.6166666666667,SG,0.2108563481401403,-2.076216721,-1.232029919,-0.844186802,2026
Julius Randle,MIN,2610.2,PF,4.444967563822105,0.256890954,1.49856446,-1.241673506,2026
Justin Champagnie,WAS,1377.35,SF,1.349121276842876,-0.896356595,0.052450726,-0.948807321,2026
Justin Edwards,PHI,976.8333333333334,SF,0.4311614726717377,-1.759208939,-1.04176843,-0.717440509,2026
Jusuf Nurkic,UTA,1083.0333333333333,C,2.256570015694837,0.86398744,-1.157317056,2.021304496,2026
Kj Simpson,CHO/DEN,257.56666666666666,PG,0.2139237703356279,-1.134511312,-0.716262365,-0.418248946,2026
Kadary Richmond,WAS,66.8,SG,0.0906554959700476,-0.294005378,-0.388060106,0.094054727,2026
Kam Jones,IND,616.25,SG,-0.4201088007438934,-3.596737321,-2.196358426,-1.400378895,2026
Karl-Anthony Towns,NYK,2321.4666666666667,C,7.966456618336714,3.044158415,2.151609955,0.89254846,2026
Karlo Matkovic,NOP,911.7,PF,1.0273104181827966,-0.661193988,-1.09423068,0.433036692,2026
Kasparas Jakucionis,MIA,944.5666666666668,PG,1.0063786092258524,-0.759128194,-0.923967412,0.164839218,2026
Kawhi Leonard,LAC,2084.65,SF,9.61562099726885,5.040594427,4.8351886,0.205405827,2026
Keaton Wallace,ATL,535.8833333333333,PG,0.4077205096721972,-1.246139037,-1.102962486,-0.143176551,2026
Keegan Murray,SAC,793.0333333333333,PF,1.034462778888522,-0.377956306,-1.100242245,0.722285938,2026
Kel'El Ware,MIA,1703.65,C,3.476967227901452,0.79584443,0.09597958,0.69986485,2026
Keldon Johnson,SAS,1911.3666666666663,SF,3.511110005578622,0.470515125,1.140303822,-0.669788697,2026
Kelly Olynyk,SAS,360.18333333333334,C,0.3172155806898548,-1.054280564,-0.753143129,-0.301137435,2026
Kelly Oubre Jr.,PHI,1574.1833333333334,SF,0.0663445767463553,-2.405270412,-1.059132142,-1.34613827,2026
Kennedy Chandler,UTA,355.21666666666664,PG,0.2641598880999735,-1.273662576,-0.221731115,-1.051931462,2026
Kenrich Williams,OKC,855.0,PF,0.8886107571667398,-0.800841161,-0.727766691,-0.07307447,2026
Kentavious Caldwell-Pope,MEM,1087.3833333333334,SG,0.763311657248193,-1.340479011,-0.970115621,-0.37036339,2026
Keon Ellis,SAC/CLE,1478.5666666666666,SG,2.115362000911712,-0.176795117,-1.244003794,1.067208677,2026
Keshad Johnson,MIA,279.4833333333333,SF,0.3257805824669711,-0.599226546,-0.49505549,-0.104171056,2026
Keshon Gilbert,WAS/ATL,73.78333333333333,SG,0.0673933898414485,-1.002008198,-0.547684264,-0.454323933,2026
Kevin Durant,HOU,2839.55,SF,8.586187661833108,2.376971268,2.518802164,-0.141830896,2026
Kevin Huerter,CHI/DET,1548.8333333333333,SF,2.3691658646626035,-0.019149091,0.286160401,-0.305309492,2026
Kevin Love,UTA,612.7166666666667,PF,0.8899668546542947,-0.14205134,0.334508005,-0.476559346,2026
Kevin Mccullar Jr.,NYK,154.9,SF,0.0557525603416349,-1.890539569,-1.206192775,-0.684346794,2026
Kevin Porter Jr.,MIL,1260.9666666666667,PG,2.932587701505472,1.251219053,0.975498498,0.275720556,2026
Kevon Looney,NOP,307.46666666666664,C,0.3875127811421878,-0.448243907,-0.986295407,0.5380515,2026
Keyonte George,UTA,1786.0833333333333,PG,2.030349218092387,-0.645314813,1.094174045,-1.739488858,2026
Khaman Maluach,PHO,410.98333333333335,C,0.4807662543890145,-0.592620072,-2.319716452,1.72709638,2026
Khris Middleton,WAS/DAL,1439.0500000000002,SF,0.9934646182788952,-1.359094519,-0.503677049,-0.85541747,2026
Killian Hayes,SAC,405.5,PG,0.5728642189252211,-0.205390251,-0.669269368,0.463879117,2026
Klay Thompson,DAL,1496.6,SF,0.0114450222854318,-2.461408007,-0.445284636,-2.016123371,2026
Kobe Brown,LAC/IND,962.2833333333332,PF,-0.2729543892851081,-2.937789693,-1.55653269,-1.381257003,2026
Kobe Bufkin,LAL,119.48333333333332,SG,0.0685006959577395,-1.546982536,-0.527976928,-1.019005608,2026
Kobe Sanders,LAC,1352.85,SG,0.5613483895849686,-1.801825614,-1.048372799,-0.753452815,2026
Koby Brea,PHO,83.86666666666666,SG,0.0907351076475926,-0.732859327,-0.275688407,-0.45717092,2026
Kon Knueppel,CHO,2550.5,SF,4.941964472354852,0.631073135,0.75320871,-0.122135575,2026
Kris Dunn,LAC,2228.233333333333,PG,4.06682973860664,0.451661422,-1.280881076,1.732542498,2026
Kris Murray,POR,1333.0166666666669,SF,0.6004695303488878,-1.744596604,-1.730440262,-0.014156342,2026
Kristaps Porzingis,ATL/GSW,768.7666666666667,C,2.4670608912247287,2.679070207,2.173851772,0.505218435,2026
Kyle Anderson,UTA/MEM/MIN,853.1666666666666,SF,0.829171196006838,-0.908546908,-1.495665884,0.587118975,2026
Kyle Filipowski,UTA,1800.8833333333334,C,2.433373676242008,-0.303417966,-0.366295048,0.062877082,2026
Kyle Kuzma,MIL,1805.6,PF,0.5000640114505491,-2.024552268,-0.768276467,-1.256275801,2026
Kyle Lowry,PHI,118.01666666666668,PG,0.062796724441624,-1.61321701,-0.833997725,-0.779219284,2026
Kyshawn George,WAS,1390.8833333333334,SF,1.144518750348394,-1.146810765,-0.942184635,-0.20462613,2026
Lj Cryer,GSW,292.0833333333333,PG,0.2221291597093877,-1.246681977,-0.100431064,-1.146250913,2026
Lamelo Ball,CHO,2017.1166666666663,PG,6.591110298630059,2.774742582,3.285428895,-0.510686313,2026
Lachlan Olbrich,CHI,344.18333333333334,C,0.4614335843956434,-0.320227759,-0.587326799,0.26709904,2026
Landry Shamet,NYK,1170.85,SG,2.313533660323306,0.692176723,0.79409966,-0.101922937,2026
Larry Nance Jr.,CLE,448.73333333333335,PF,0.2977497189570273,-1.402124437,-1.678090335,0.275965898,2026
Lauri Markkanen,UTA,1442.5166666666669,PF,4.23447446210994,2.233582916,2.327427036,-0.09384412,2026
Lawson Lovering,MEM,49.25,C,0.0555098942520723,-0.66072025,-0.638026317,-0.022693933,2026
Lebron James,LAL,1988.983333333333,SF,6.153731818668981,2.491082829,2.095041073,0.396041756,2026
Leaky Black,WAS,433.05,SF,-0.0755690478215792,-2.75877375,-2.475415436,-0.283358313,2026
Leonard Miller,MIN/CHI,718.5833333333333,SF,0.6604814591387629,-0.99281899,0.159475876,-1.152294867,2026
Liam Mcneeley,CHO,367.4166666666667,SF,0.4747027067708282,-0.397778385,-0.66442725,0.266648865,2026
Lindy Waters Iii,SAS,284.6333333333333,SG,0.0514285332684428,-2.180365489,-1.261436225,-0.918929264,2026
Lonzo Ball,CLE,727.6,PG,0.9306346671210431,-0.418425636,-0.976340526,0.55791489,2026
Lucas Williamson,MEM,223.7333333333333,SG,0.0315580868576796,-2.244619026,-1.171214456,-1.07340457,2026
Luguentz Dort,OKC,1848.5833333333333,SF,1.9043494206941272,-0.815441246,-1.171246253,0.355805007,2026
Luka Doncic,LAL,2288.4333333333334,PG,10.733083025093642,5.176168872,5.622208859,-0.446039987,2026
Luka Garza,BOS,1117.7666666666669,C,2.1762447032092016,0.645929423,1.033439375,-0.387509952,2026
Luke Kennard,ATL/LAL,1680.2333333333331,SG,-0.4459265299831248,-2.907799943,-1.122143059,-1.785656884,2026
Luke Kornet,SAS,1429.8333333333333,C,2.9890990588071413,0.875101462,-0.218464609,1.09356607,2026
Luke Travers,CLE,103.06666666666666,SG,0.1268554418617933,-0.495323231,-0.344398486,-0.150924745,2026
Mac Mcclung,IND/CHI,135.16666666666666,SG,0.210275370165501,0.022314058,0.19213876,-0.169824702,2026
Malachi Smith,BRK,358.81666666666666,SG,0.1625440676977772,-1.740504051,-1.499673715,-0.240830336,2026
Malaki Branham,WAS,275.46666666666664,SG,0.3059238043160062,-0.687108923,-0.460238036,-0.226870888,2026
Malevy Leons,GSW,276.4,SF,0.205605154359823,-1.273326644,-1.041075233,-0.232251411,2026
Malik Monk,SAC,1363.5666666666666,SG,0.4323567794995273,-1.959712627,-0.027644959,-1.932067668,2026
Marjon Beauchamp,PHI,196.1,SF,0.15438448482074,-1.203799169,-0.830205227,-0.373593943,2026
Marcus Sasser,DET,456.4666666666666,PG,0.0990047871130665,-2.121714715,-1.168288938,-0.953425778,2026
Marcus Smart,LAL,1768.8,SG,3.3366908916421933,0.549363323,-0.82342377,1.372787093,2026
Mark Sears,MIL,26.066666666666663,PG,0.0401471915255788,-0.002378386,0.020535033,-0.022913419,2026
Mark Williams,PHO,1415.8666666666666,C,2.862166632175716,0.764875785,-0.528675677,1.293551462,2026
Markelle Fultz,TOR,35.766666666666666,PG,0.0193703773158773,-1.597981611,-0.767088501,-0.83089311,2026
Marvin Bagley Iii,WAS/DAL,1200.7833333333333,PF,1.6769622235184816,-0.231166176,0.269919527,-0.501085703,2026
Mason Plumlee,CHO/SAS,171.45,C,0.1519956812332132,-1.044965057,-1.193391435,0.148426379,2026
Matas Buzelis,CHI,2248.0666666666666,PF,2.3525465014008256,-0.789402302,-0.679114159,-0.110288143,2026
Matisse Thybulle,POR,479.6,SG,0.9748433850588624,0.782632585,-1.768402548,2.551035133,2026
Max Christie,DAL,2244.266666666667,SG,0.4959109183209624,-2.115119076,-1.518092788,-0.597026288,2026
Max Shulga,BOS,36.23333333333333,SG,0.0370183464408594,-0.829016641,-0.507204625,-0.321812017,2026
Max Strus,CLE,288.28333333333336,SF,0.3704571144636336,-0.408865099,0.149837839,-0.558702938,2026
Maxi Kleber,LAL,460.98333333333335,PF,-0.0083538174370594,-2.503377509,-2.747131283,0.243753774,2026
Maxime Raynaud,SAC,1963.7666666666669,C,0.1704918241630934,-2.332655369,-1.417043226,-0.915612143,2026
Micah Peavy,NOP,912.75,SG,0.6481206134971552,-1.327487369,-0.935329222,-0.392158147,2026
Micah Potter,IND,908.2166666666668,C,1.3141785738965048,-0.150821718,-0.197153001,0.046331283,2026
Michael Porter Jr.,BRK,1688.4166666666667,SF,3.3079699584408355,0.665483292,2.318758517,-1.653275226,2026
Mikal Bridges,NYK,2691.583333333333,SF,7.898287934546556,2.231900018,1.335764971,0.896135047,2026
Mike Conley,MIN,991.1666666666666,PG,1.059560281517156,-0.753439735,-0.912691656,0.15925192,2026
Miles Bridges,CHO,2386.9666666666667,PF,4.942613971238228,0.843388602,0.947676867,-0.104288266,2026
Miles Kelly,DAL,133.7,PG,0.1163562624665792,-1.07095831,-0.82755708,-0.24340123,2026
Miles Mcbride,NYK,1079.9333333333334,SG,2.3225366807707686,0.971143693,1.330847188,-0.359703494,2026
Mitchell Robinson,NYK,1174.25,C,3.447099454237014,2.2337426,0.645518312,1.588224288,2026
Mo Bamba,TOR/UTA,43.8,C,0.047911323676822,-0.71375785,-0.446501406,-0.267256443,2026
Mohamed Diawara,NYK,633.9666666666667,SF,0.1622092878975109,-2.058652136,-1.861944818,-0.196707317,2026
Monte Morris,IND,64.61666666666666,PG,0.0690524009293959,-0.754008364,-0.43647283,-0.317535534,2026
Moritz Wagner,ORL,426.53333333333336,C,0.5717432991890051,-0.320578261,0.531484024,-0.852062286,2026
Moses Moody,GSW,1539.6166666666666,SG,2.6876953650499567,0.325040456,-0.325086929,0.650127386,2026
Mouhamadou Gueye,CHI,45.43333333333333,PF,0.0549412431060588,-0.529664439,-0.260886581,-0.268777857,2026
Mouhamed Gueye,ATL,1178.5833333333333,PF,2.078418698893426,0.353402931,-1.508131974,1.861534904,2026
Moussa Cisse,DAL,529.55,C,0.8348407404312986,0.055503181,-1.642161575,1.697664756,2026
Moussa Diabate,CHO,1898.6,C,5.083096121016658,1.816156255,0.228981788,1.587174467,2026
Myles Turner,MIL,1911.6833333333336,C,3.034139305308284,0.072461966,-1.079244759,1.151706725,2026
Myron Gardner,MIA,410.4333333333333,SF,0.7687083473849968,0.527842254,-0.399468983,0.927311237,2026
N'Faly Dante,ATL,15.416666666666666,C,0.0165120539885045,-0.750169116,-0.343910601,-0.406258515,2026
Nae'Qwan Tomlin,CLE,1003.55,PF,1.1628928919926171,-0.610190516,-0.508887424,-0.101303091,2026
Naji Marshall,DAL,2183.516666666667,SF,1.876449560191077,-1.088407909,-0.135281151,-0.953126758,2026
Nate Williams,GSW,239.15,SG,-0.0005908750745203197,-2.477883347,-1.111947619,-1.365935728,2026
Naz Reid,MIN,2007.15,C,4.460381720392488,1.085661746,-0.010677697,1.096339443,2026
Neemias Queta,BOS,1925.9333333333336,C,7.365357320122128,3.695733523,0.972359114,2.723374409,2026
Nic Claxton,BRK,1920.3166666666664,C,1.3370800870219302,-1.349602295,-0.915107649,-0.434494646,2026
Nick Richards,PHO/CHI,700.65,C,0.3381805021526137,-1.69274208,-1.752309945,0.059567865,2026
Nick Smith Jr.,LAL,374.85,SG,-0.0421321017276973,-2.657195874,-0.989472396,-1.667723478,2026
Nickeil Alexander-Walker,ATL,2603.083333333333,SG,4.371311926080405,0.21922634,0.581721251,-0.362494911,2026
Nicolas Batum,LAC,1294.4,PF,0.1164080855342744,-2.327598126,-2.150706822,-0.176891304,2026
Nigel Hayes-Davis,PHO,195.15,SF,-0.0425391734361414,-2.830003966,-2.340246,-0.489757966,2026
Nikola Jokic,DEN,2264.7166666666667,C,13.330246781970876,7.367016718,6.246695821,1.120320897,2026
Nikola Jovic,MIA,807.9666666666667,PF,0.5074038244732694,-1.459145825,-1.219696229,-0.239449596,2026
Nikola Topic,OKC,160.06666666666666,PG,0.113403793051998,-1.330046145,-0.325862606,-1.004183538,2026
Nikola Vucevic,CHI/BOS,1818.0333333333333,C,3.479633622510994,0.593284343,0.367812914,0.225471429,2026
Nique Clifford,SAC,1881.85,SG,1.589577349110816,-1.111897469,-1.532775281,0.420877812,2026
Noa Essengue,CHI,6.033333333333333,PF,0.007893210693123,-0.371853819,-0.189501331,-0.182352488,2026
Noah Clowney,BRK,1779.9833333333331,PF,-0.3947877479108406,-2.83625248,-1.900696716,-0.935555764,2026
Noah Penda,ORL,757.1166666666667,SF,0.8124576858457097,-0.746909278,-0.832279943,0.085370666,2026
Nolan Traore,BRK,1243.3333333333333,PG,-0.6970821538846264,-3.395246838,-2.244597077,-1.150649761,2026
Norchad Omier,LAC,23.666666666666668,PF,0.0258840130040859,-0.714037363,-0.112638604,-0.601398759,2026
Norman Powell,MIA,1716.8333333333333,SG,3.2733960160667386,0.581629758,0.908148779,-0.326519021,2026
Og Anunoby,NYK,2223.733333333333,PF,5.9600774316427625,1.82087282,0.09647938,1.72439344,2026
Obi Toppin,IND,423.7,PF,0.8714717857584836,0.821264573,1.806091137,-0.984826564,2026
Ochai Agbaji,TOR/BRK,973.0666666666668,SG,0.2674450068553227,-2.027954018,-1.91030259,-0.117651428,2026
Olivier Sarr,CLE,39.35,C,0.0484380771524708,-0.495091483,-0.208434376,-0.286657107,2026
Olivier-Maxence Prosper,MEM,983.4666666666668,PF,0.2170206362903532,-2.115602915,-1.328380819,-0.787222096,2026
Omer Yurtseven,GSW,103.93333333333334,C,0.0876023646001799,-1.114806308,-0.904700077,-0.210106231,2026
Onyeka Okongwu,ATL,2296.833333333333,C,4.770288384813813,0.853339354,-0.857787312,1.711126666,2026
Orlando Robinson,ORL,24.816666666666663,C,0.0264051413596777,-0.761412597,-0.244436435,-0.516976162,2026
Oscar Tshiebwe,UTA,448.4166666666667,C,0.5942967949592796,-0.344672409,0.121401615,-0.466074024,2026
Oso Ighodaro,PHO,1808.1333333333337,PF,3.015462711219529,0.200807527,-1.308244337,1.509051864,2026
Ousmane Dieng,OKC/MIL,1099.3833333333332,C,0.5801838660244403,-1.620235666,-1.159864239,-0.460371427,2026
P.J. Washington,DAL,1735.5333333333333,PF,2.168741334658957,-0.465348909,-0.980021292,0.514672383,2026
Pj Hall,MEM/CHO,213.33333333333337,C,0.1258896823395076,-1.519992525,-1.519086138,-0.000906387,2026
Pacome Dadiet,NYK,135.73333333333332,SG,0.1159972946428466,-1.096044511,-0.955674253,-0.140370258,2026
Paolo Banchero,ORL,2501.6,PF,5.228886896347445,0.874613163,0.979621827,-0.105008664,2026
Pascal Siakam,IND,2056.5333333333333,PF,4.396656713589979,0.950793738,1.68495574,-0.734162002,2026
Pat Connaughton,CHO,296.5,SG,0.2725113324545027,-0.992898906,-0.823537998,-0.169360909,2026
Pat Spencer,GSW,1228.6833333333334,PG,0.4781182795187755,-1.843430174,-0.989214098,-0.854216076,2026
Patrick Baldwin Jr.,LAC/PHI/SAC,102.46666666666668,SF,0.1152583720660446,-0.664336744,-0.686181049,0.021844305,2026
Patrick Williams,CHI,1473.6166666666666,PF,-0.2164815388283476,-2.713609532,-2.223040312,-0.49056922,2026
Paul George,PHI,1134.9666666666667,PF,2.989282711175492,1.746098288,1.277262483,0.468835805,2026
Paul Reed,DET,900.5333333333333,C,2.526914276395112,2.023967175,0.076015761,1.947951414,2026
Payton Pritchard,BOS,2555.3,PG,7.00806027187123,1.921449049,2.53991444,-0.618465391,2026
Payton Sandfort,OKC,63.333333333333336,SF,0.0624662316182618,-0.885487313,-0.001411671,-0.884075642,2026
Pelle Larsson,MIA,1849.0166666666669,SG,2.9352282472022466,0.072936412,-0.451416166,0.524352578,2026
Pete Nance,MIL,737.0166666666667,PF,0.3636656821899531,-1.675421636,-1.469728228,-0.205693408,2026
Peyton Watson,DEN,1597.6666666666667,SF,1.18095494164565,-1.280847003,-1.022436582,-0.258410421,2026
Precious Achiuwa,SAC,1745.05,C,2.567961836427872,-0.111662786,-0.700220764,0.588557978,2026
Quentin Grimes,PHI,2205.583333333333,SG,1.2855957274223495,-1.531599377,-0.421098903,-1.110500474,2026
Quenton Jackson,IND,897.3166666666667,PG,0.7302767068511038,-1.161259279,-0.376224144,-0.785035135,2026
Quinten Post,GSW,1158.9833333333331,PF,1.356072057683967,-0.592208414,-0.652532536,0.060324122,2026
Rj Barrett,TOR,1725.6833333333334,SF,3.953029478202863,1.195224228,1.229084981,-0.033860753,2026
Rasheer Fleming,PHO,673.2833333333333,PF,0.4964577342999225,-1.28374191,-0.925023241,-0.358718669,2026
Rayj Dennis,IND/LAC/ATL,206.2,PG,0.1367075971642673,-1.403004117,-0.630907876,-0.772096241,2026
Rayan Rupert,POR/MEM,1072.3333333333337,SG,-0.5802179875372412,-3.362758999,-2.864374932,-0.498384067,2026
Reed Sheppard,HOU,2146.4333333333334,SG,0.911684044563963,-1.786022786,-0.741784559,-1.044238227,2026
Riley Minix,SAS/CLE,58.083333333333336,SF,0.0701832741973983,-0.53118137,-0.171335306,-0.359846064,2026
Rob Dillingham,MIN/CHI,969.8333333333334,PG,-0.4025128199750122,-3.154168563,-1.585436546,-1.568732017,2026
Robert Williams Iii,POR,1008.0666666666668,C,2.7267343067667404,1.860706012,-0.438697562,2.299403575,2026
Rocco Zikarsky,MIN,36.48333333333333,C,0.0335947256806549,-0.990133252,-0.142527034,-0.847606217,2026
Ron Harper Jr.,BOS,317.4833333333333,SF,0.4029680848192121,-0.434030209,-0.28334229,-0.150687919,2026
Ronald Holland Ii,DET,1550.0833333333333,SF,1.942766045191102,-0.459419888,-2.017284921,1.557865033,2026
Royce O'Neale,PHO,2212.6666666666665,SF,0.4754147065639704,-2.125006658,-2.119179957,-0.005826702,2026
Rudy Gobert,MIN,2379.766666666667,C,6.379970158730156,1.82201785,-0.602649842,2.424667692,2026
Rui Hachimura,LAL,1926.45,PF,0.2806983047323499,-2.237068019,-0.814411884,-1.422656135,2026
Russell Westbrook,SAC,1852.4666666666667,SF,1.936896179202663,-0.790836968,-0.145917775,-0.644919192,2026
Ryan Dunn,PHO,1354.8833333333334,SF,2.0022789325378745,-0.101699059,-0.710949962,0.609250903,2026
Ryan Kalkbrenner,CHO,1478.7833333333333,C,1.81333500753762,-0.502617783,-1.987671754,1.48505397,2026
Ryan Nembhard,DAL,1170.8,PG,-0.5286896899156074,-3.214516786,-1.957583437,-1.256933349,2026
Ryan Rollins,MIL,2375.366666666667,PG,2.6666930772057973,-0.667835517,-0.299452822,-0.368382695,2026
Saddiq Bey,NOP,2245.45,SF,3.1767720683073875,-0.202165304,1.569226415,-1.771391719,2026
Sam Hauser,BOS,1933.9166666666667,PF,3.69321335118063,0.586508643,0.442127974,0.144380669,2026
Sam Merrill,CLE,1376.9666666666667,SG,3.234611472379162,1.288741163,1.566614838,-0.277873675,2026
Sandro Mamukelashvili,TOR,1750.45,C,4.414429456913495,1.566035613,1.155581267,0.410454346,2026
Santi Aldama,MEM,1197.95,PF,1.1703307765923807,-0.900447152,-0.428336952,-0.4721102,2026
Scoot Henderson,POR,747.8,PG,0.6975035918545868,-0.97108427,-0.198413234,-0.772671036,2026
Scottie Barnes,TOR,2680.583333333333,PF,9.11863611244608,2.994922578,1.081323679,1.913598899,2026
Scotty Pippen Jr.,MEM,211.86666666666667,PG,0.1847424037072981,-1.068245271,-0.787496009,-0.280749262,2026
Sean Pedulla,LAC,31.0,PG,0.0374282689479493,-0.532707126,-0.003558056,-0.52914907,2026
Seth Curry,GSW,132.95,SG,0.1513014808293805,-0.643285042,-0.327314189,-0.315970852,2026
Shaedon Sharpe,POR,1471.15,SG,1.1569601486040155,-1.20514713,0.263808032,-1.468955162,2026
Shai Gilgeous-Alexander,OKC,2258.8,PG,12.45319257386086,6.660981291,5.762794857,0.898186435,2026
Sharife Cooper,WAS,699.9833333333333,PG,0.0138356904472799,-2.441681844,-1.013817023,-1.427864822,2026
Sidy Cissoko,POR,1434.8166666666666,SF,0.7042193996876828,-1.679640067,-2.342299169,0.662659102,2026
Simone Fontecchio,MIA,1172.3166666666666,SF,1.5232500567417029,-0.386064852,0.560353058,-0.94641791,2026
Sion James,CHO,1842.8833333333337,SG,2.5216811980899565,-0.276132927,-1.38529667,1.109163743,2026
Skal Labissiere,WAS,37.55,PF,0.0462638247501594,-0.493330844,-0.194283428,-0.299047416,2026
Spencer Jones,DEN,1416.6166666666666,SF,0.1500849766046135,-2.301591749,-2.525859896,0.224268147,2026
Stanley Umude,SAS,6.566666666666666,SG,0.0063697746231389,-0.911516056,-0.386190415,-0.525325641,2026
Stephen Curry,GSW,1328.5666666666666,PG,4.639222981943685,3.143495907,4.293730139,-1.150234232,2026
Stephon Castle,SAS,2037.5833333333333,PG,5.009496315046032,1.464307652,0.556492341,0.907815311,2026
Steven Adams,HOU,730.2333333333333,C,0.8178200598781015,-0.672145572,-0.544808605,-0.127336968,2026
Svi Mykhailiuk,UTA,1155.5,SF,0.5154602471117096,-1.751628975,-0.391693718,-1.359935257,2026
T.J. Mcconnell,IND,962.4,PG,1.5849693275627168,0.167624169,0.302464416,-0.134840247,2026
Taelon Peter,IND,492.1666666666667,SG,0.0416012003582421,-2.336378971,-1.821349826,-0.515029145,2026
Taj Gibson,MEM,96.86666666666666,C,0.0807770198088535,-1.129162796,-0.827163339,-0.301999457,2026
Tari Eason,HOU,1548.8333333333333,PF,2.519775498843376,0.135752603,-0.358453969,0.494206572,2026
Taurean Prince,MIL,611.2666666666667,SF,0.0175287486356926,-2.42718202,-1.651679473,-0.775502547,2026
Taylor Hendricks,UTA/MEM,1118.3833333333332,PF,0.3265443716525991,-2.000262783,-1.634474197,-0.365788586,2026
Terance Mann,BRK,1528.9166666666667,SG,0.0347039632499191,-2.436909128,-1.732990047,-0.703919081,2026
Terrence Shannon Jr.,MIN,537.6166666666667,SG,0.0918447059486392,-2.196323632,-0.586235839,-1.610087793,2026
Thanasis Antetokounmpo,MIL,147.93333333333334,SF,0.2861000016732864,0.62522497,-0.553213206,1.178438176,2026
Thomas Bryant,CLE,731.65,C,1.288158287507286,0.348832256,0.235510311,0.113321945,2026
Tidjane Salaun,CHO,575.2333333333333,PF,0.4450289926284361,-1.225618516,-1.511617443,0.285998928,2026
Tim Hardaway Jr.,DEN,2127.0666666666666,SG,1.7964162107963932,-1.112117782,0.704845491,-1.816963272,2026
Tobias Harris,DET,1745.3,PF,4.385687610082694,1.551530133,1.025500347,0.526029786,2026
Toby Okani,MEM,217.08333333333337,SG,-0.00997361619312,-2.548726083,-1.394503607,-1.154222476,2026
Tolu Smith,DET,137.41666666666666,PF,0.0916002117387918,-1.397225744,-1.02862329,-0.368602454,2026
Tony Bradley,IND/ATL,450.6166666666667,C,0.1548424296786498,-1.916850458,-1.366138152,-0.550712307,2026
Tosan Evbuomwan,NYK,7.683333333333334,SF,0.0065143437427673,-1.10683305,-0.529631383,-0.577201667,2026
Toumani Camara,POR,2731.016666666667,PF,4.1713013370654615,-0.022757186,-0.956268642,0.933511456,2026
Trae Young,ATL/WAS,383.73333333333335,PG,0.8148067554047277,0.92757449,2.227484933,-1.299910443,2026
Trayce Jackson-Davis,GSW/TOR,495.9500000000001,C,0.584429943698226,-0.578887915,-1.085447981,0.506560066,2026
Tre Johnson,WAS,1442.6666666666667,SG,-1.6735916836109597,-4.403771973,-2.206849925,-2.196922048,2026
Tre Jones,CHI,1752.2833333333333,PG,4.051189652634084,1.229246461,1.410442183,-0.181195723,2026
Tre Mann,CHO,668.3333333333334,PG,0.3235405163334987,-1.690434568,-0.97940543,-0.711029138,2026
Trendon Watford,PHI,863.6666666666666,PF,-0.1126933188511009,-2.686754163,-1.924101585,-0.762652578,2026
Trentyn Flowers,CHI,5.55,SF,0.00776546759867,-0.226981567,-0.077359729,-0.149621838,2026
Trevon Scott,BRK,182.2333333333333,PF,0.1700243091709844,-0.970664675,-0.926893731,-0.043770944,2026
Trevor Keels,MIA,14.933333333333334,SG,0.0149396148914058,-0.862946041,-0.555990173,-0.306955867,2026
Trey Alexander,NOP,110.63333333333334,SG,0.0999544918288462,-1.017869236,-0.513966441,-0.503902796,2026
Trey Jemison Iii,NYK,81.56666666666666,C,0.0378043505147978,-1.72363225,-1.388650729,-0.334981521,2026
Trey Murphy Iii,NOP,2340.4166666666665,SF,4.402109521090121,0.540582287,1.475843538,-0.935261251,2026
Tristan Enaruna,CLE,85.13333333333334,SF,0.0994268393165634,-0.595649702,-0.366293238,-0.229356464,2026
Tristan Vukcevic,WAS,670.9166666666666,C,0.688757887032029,-0.821149204,-0.210193953,-0.610955251,2026
Tristan Da Silva,ORL,1899.3166666666664,SF,2.073499586555177,-0.717201194,-0.838331465,0.121130271,2026
Tristen Newton,HOU,12.0,SG,0.0092582686251101,-1.229025393,-0.381093415,-0.847931978,2026
Ty Jerome,MEM,338.6666666666667,SG,1.1627470227272203,3.046892423,4.325645195,-1.278752772,2026
Tyty Washington Jr.,LAC,88.11666666666666,PG,0.0965313751263609,-0.711157794,-0.519602789,-0.191555005,2026
Tyler Burton,MEM,306.7333333333333,SF,-0.0268155276363369,-2.616405383,-1.386924161,-1.229481222,2026
Tyler Herro,MIA,1032.55,SG,1.2882966076204896,-0.46841997,0.664290684,-1.132710654,2026
Tyler Kolek,NYK,727.0,PG,0.64011539024669,-1.054627684,-1.024801146,-0.029826538,2026
Tyler Smith,DAL,165.58333333333334,PF,0.1622849019878061,-0.89543818,-0.413473028,-0.481965152,2026
Tyrese Martin,BRK/PHI,776.5833333333334,SG,0.6884761683837293,-1.04494192,-0.644070119,-0.400871801,2026
Tyrese Maxey,PHI,2660.9166666666665,PG,8.951232459464896,2.932826951,3.583973276,-0.651146325,2026
Tyrese Proctor,CLE,545.05,PG,0.612928759162946,-0.664816932,0.477447533,-1.142264465,2026
Tyson Etienne,BRK,380.01666666666665,PG,0.0057383557480331,-2.449275423,-0.70465878,-1.744616643,2026
Tyus Jones,ORL/DAL/DEN,978.3166666666668,PG,0.9868671574936716,-0.849658644,-0.442812529,-0.406846115,2026
Vj Edgecombe,PHI,2623.116666666667,SG,4.046206820791147,0.001357427,-0.078551843,0.07990927,2026
Victor Wembanyama,SAS,1865.483333333333,C,11.249936900263895,7.647401738,3.655420236,3.991981502,2026
Vince Williams Jr.,MEM/UTA,819.2666666666667,SG,0.5854775295492749,-1.320175109,-0.71557736,-0.604597749,2026
Vladislav Goldin,MIA,23.95,C,0.0260207992101304,-0.725571524,-0.553293928,-0.172277596,2026
Vit Krejci,ATL/POR,1391.9333333333334,PG,0.9633209732865456,-1.356348168,-1.312540483,-0.043807685,2026
Walker Kessler,UTA,153.95,C,0.2441808738084676,0.070788154,-0.666825422,0.737613576,2026
Walter Clayton Jr.,UTA/MEM,1410.4666666666667,PG,-0.1781620138769639,-2.679940222,-1.172639002,-1.507301219,2026
Wendell Carter Jr.,ORL,2288.233333333333,C,3.977400904619713,0.313098555,-1.013308428,1.326406983,2026
Wendell Moore Jr.,DET,59.53333333333333,SG,0.0326874066938086,-1.585950003,-0.954194815,-0.631755189,2026
Will Richard,GSW,1376.65,SG,1.4906965604223947,-0.731348861,-1.527238665,0.795889804,2026
Will Riley,WAS,1632.4166666666667,SF,-1.5354005667394397,-4.031149529,-1.446253487,-2.584896042,2026
Xavier Tillman,BOS/CHO,183.83333333333337,C,0.1366984270831325,-1.273756631,-1.169662233,-0.104094398,2026
Yang Hansen,POR,299.81666666666666,C,0.044361132594973,-2.233413427,-1.9581496,-0.275263827,2026
Yanic Konan Niederhauser,LAC,423.6666666666667,C,0.5603535237003364,-0.348966319,-1.585412501,1.236446182,2026
Yuki Kawamura,CHI,208.96666666666667,PG,0.2678080235776773,-0.414384353,-0.242186287,-0.172198066,2026
Yves Missi,NOP,1296.85,C,1.6114270814359255,-0.476573387,-1.032263387,0.55569,2026
Zaccharie Risacher,ATL,1503.1666666666667,SF,1.9490636011319704,-0.390387183,-0.728807442,0.338420258,2026
Zach Collins,CHI,183.7333333333333,C,0.2448815714421203,-0.332741121,-0.306001414,-0.026739708,2026
Zach Edey,MEM,283.8,C,0.5999215097950066,0.912429069,-0.944478423,1.856907492,2026
Zach Lavine,SAC,1224.1833333333334,SG,0.5692299633514782,-1.721201717,-0.261492077,-1.45970964,2026
Zeke Nnaji,DEN,625.85,PF,-0.1102539527365814,-2.761495637,-2.634939251,-0.126556386,2026
Ziaire Williams,BRK,1281.15,SF,1.0187660671207424,-1.191113941,-1.799598095,0.608484154,2026
Zion Williamson,NOP,1840.9666666666667,PF,3.345812374048524,0.439363222,1.746129808,-1.306766586,2026
Zyon Pullin,MIN,42.583333333333336,SG,0.0360085751734675,-1.11043519,-0.118920373,-0.991514817,2026
