catch_shoot_player,catch_shoot_team,catch_shoot_gp,catch_shoot_min,catch_shoot_pts,catch_shoot_fgm,catch_shoot_fga,catch_shoot_fg_pct,catch_shoot_3pm,catch_shoot_3pa,catch_shoot_3p_pct,catch_shoot_efg_pct
A.J. Lawson,TOR,24,226,54,18,44,40.9,18,44,40.9,61.4
AJ Green,MIL,78,2270,516,172,417,41.2,172,414,41.5,61.9
AJ Johnson,DAL,48,453,18,6,36,16.7,6,36,16.7,25
Aaron Gordon,DEN,36,1005,137,47,108,43.5,43,98,43.9,63.4
Aaron Holiday,HOU,57,781,185,62,145,42.8,61,144,42.4,63.8
Aaron Nesmith,IND,45,1335,277,93,226,41.2,91,220,41.4,61.3
Aaron Wiggins,OKC,65,1414,233,78,210,37.1,77,208,37,55.5
Ace Bailey,UTA,72,1988,295,101,319,31.7,93,287,32.4,46.2
Adama Bal,MEM,8,241,36,12,34,35.3,12,32,37.5,52.9
Adem Bona,PHI,71,1234,6,2,6,33.3,2,5,40,50
Adou Thiero,LAL,25,149,3,1,4,25,1,3,33.3,37.5
Ajay Mitchell,OKC,57,1473,127,43,123,35,41,117,35,51.6
Al Horford,GSW,45,969,228,78,205,38,72,196,36.7,55.6
Alex Antetokounmpo,MIL,6,21,6,2,7,28.6,2,7,28.6,42.9
Alex Caruso,OKC,56,1020,154,52,160,32.5,50,158,31.6,48.1
Alex Morales,ORL,4,24,0,0,1,0,0,1,0,0
Alex Sarr,WAS,48,1305,149,53,154,34.4,43,127,33.9,48.4
Alijah Martin,TOR,23,146,14,5,17,29.4,4,16,25,41.2
Alondes Williams,WAS,4,101,15,5,12,41.7,5,12,41.7,62.5
Alperen Sengun,HOU,72,2398,126,48,137,35,30,99,30.3,46
Amari Williams,BOS,22,146,0,0,0,-,-,-,-,-
Amen Thompson,HOU,79,2953,81,29,119,24.4,23,92,25,34
Amir Coffey,PHX,46,491,45,15,43,34.9,15,43,34.9,52.3
Andersson Garcia,UTA,5,169,3,1,13,7.7,1,13,7.7,11.5
Andre Drummond,PHI,63,1231,90,30,86,34.9,30,86,34.9,52.3
Andre Jackson Jr.,MIL,48,408,27,9,42,21.4,9,40,22.5,32.1
Andrew Nembhard,IND,57,1786,178,61,149,40.9,56,140,40,59.7
Andrew Wiggins,MIA,68,2063,346,116,291,39.9,114,281,40.6,59.5
Anfernee Simons,CHI,55,1372,260,87,197,44.2,86,196,43.9,66
Anthony Black,ORL,64,1910,199,67,195,34.4,65,186,34.9,51
Anthony Davis,WAS,20,626,43,17,50,34,9,31,29,43
Anthony Edwards,MIN,61,2137,204,69,147,46.9,66,138,47.8,69.4
Anthony Gill,WAS,55,951,50,17,46,37,16,44,36.4,54.3
Antonio Reeves,CHA,10,68,15,5,10,50,5,10,50,75
Ariel Hukporti,NYK,54,498,5,2,10,20,1,4,25,25
Asa Newell,ATL,44,500,87,29,75,38.7,29,74,39.2,58
Ausar Thompson,DET,73,1896,17,6,30,20,5,22,22.7,28.3
Austin Reaves,LAL,51,1762,180,60,149,40.3,60,148,40.5,60.4
Ayo Dosunmu,MIN,69,1881,304,102,231,44.2,100,228,43.9,65.8
Bam Adebayo,MIA,73,2365,364,129,382,33.8,106,338,31.4,47.6
Baylor Scheierman,BOS,77,1429,228,77,189,40.7,74,186,39.8,60.3
Ben Saraf,BKN,44,916,45,15,71,21.1,15,70,21.4,31.7
Ben Sheppard,IND,65,1390,238,80,210,38.1,78,206,37.9,56.7
Bennedict Mathurin,LAC,54,1620,136,49,124,39.5,38,106,35.8,54.8
Bez Mbeng,UTA,15,492,12,4,21,19,4,21,19,28.6
Bilal Coulibaly,WAS,56,1468,173,58,174,33.3,57,168,33.9,49.7
Bismack Biyombo,SAS,25,141,0,0,0,-,-,-,-,-
Blake Hinson,UTA,14,285,102,34,72,47.2,34,69,49.3,70.8
Blake Wesley,POR,31,361,30,10,33,30.3,10,29,34.5,45.5
Bobby Portis Jr.,MIL,67,1619,434,155,345,44.9,124,273,45.4,62.9
Bobi Klintman,DET,12,71,12,4,14,28.6,4,13,30.8,42.9
Bogdan Bogdanović,LAC,23,452,48,16,50,32,16,50,32,48
Bones Hyland,MIN,71,1177,199,67,158,42.4,65,154,42.2,63
Bradley Beal,LAC,6,121,18,6,14,42.9,6,13,46.2,64.3
Branden Carlson,OKC,42,488,90,30,86,34.9,30,83,36.1,52.3
Brandin Podziemski,GSW,82,2333,292,98,253,38.7,96,246,39,57.7
Brandon Clarke,MEM,2,20,0,0,0,-,-,-,-,-
Brandon Ingram,TOR,77,2604,371,131,319,41.1,109,269,40.5,58.2
Brandon Miller,CHA,65,1968,436,147,378,38.9,142,361,39.3,57.7
Brandon Williams,DAL,66,1463,83,28,118,23.7,27,115,23.5,35.2
Brice Sensabaugh,UTA,75,1762,360,121,325,37.2,118,317,37.2,55.4
Bronny James,LAL,42,375,38,13,30,43.3,12,29,41.4,63.3
Brook Lopez,LAC,75,1635,334,115,306,37.6,104,284,36.6,54.6
Brooks Barnhizer,OKC,40,348,22,8,22,36.4,6,20,30,50
Bruce Brown,DEN,82,1998,165,56,143,39.2,53,135,39.3,57.7
Bryce McGowens,NOP,42,880,96,32,81,39.5,32,80,40,59.3
Bub Carrington,WAS,82,2271,233,78,190,41.1,77,184,41.8,61.3
Buddy Boeheim,OKC,4,15,6,2,4,50,2,4,50,75
Buddy Hield,ATL,51,819,177,59,154,38.3,59,151,39.1,57.5
CJ Huntley,PHX,4,40,2,1,4,25,0,3,0,25
CJ McCollum,ATL,76,2263,279,95,253,37.5,89,244,36.5,55.1
Cade Cunningham,DET,64,2172,158,56,156,35.9,46,143,32.2,50.6
Caleb Houstan,ATL,18,75,35,12,20,60,11,19,57.9,87.5
Caleb Love,POR,49,1013,204,68,198,34.3,68,195,34.9,51.5
Caleb Martin,DAL,58,856,65,23,66,34.8,19,51,37.3,49.2
Cam Christie,LAC,55,480,33,11,38,28.9,11,37,29.7,43.4
Cam Spencer,MEM,72,1714,226,78,165,47.3,70,151,46.4,68.5
Cam Thomas,MIL,42,881,62,21,61,34.4,20,57,35.1,50.8
Cam Whitmore,WAS,21,354,21,7,18,38.9,7,18,38.9,58.3
Cameron Johnson,DEN,54,1647,273,92,218,42.2,89,211,42.2,62.6
Cameron Payne,PHI,22,374,45,15,42,35.7,15,42,35.7,53.6
Caris LeVert,DET,60,1154,110,37,108,34.3,36,106,34,50.9
Carter Bryant,SAS,71,818,150,50,143,35,50,143,35,52.4
Cason Wallace,OKC,77,2046,259,87,246,35.4,85,240,35.4,52.6
Cedric Coward,MEM,62,1598,213,73,217,33.6,67,207,32.4,49.1
Chaney Johnson,BKN,17,348,21,7,25,28,7,25,28,42
Charles Bassey,GSW,13,153,2,1,3,33.3,-,-,-,33.3
Chaz Lanier,DET,34,262,56,19,63,30.2,18,61,29.5,44.4
Chet Holmgren,OKC,69,1997,237,83,224,37.1,71,197,36,52.9
Chris Boucher,BOS,9,94,6,2,14,14.3,2,14,14.3,21.4
Chris Livingston,CLE,3,17,0,0,3,0,0,3,0,0
Chris Mañon,LAL,9,46,0,0,3,0,0,3,0,0
Chris Paul,LAC,16,228,9,3,10,30,3,10,30,45
Chris Youngblood,POR,34,185,51,17,50,34,17,50,34,51
Christian Braun,DEN,44,1399,124,43,126,34.1,38,118,32.2,49.2
Christian Koloko,ATL,27,357,5,2,15,13.3,1,9,11.1,16.7
Chucky Hepburn,TOR,2,13,0,0,4,0,0,4,0,0
Clint Capela,HOU,75,926,3,1,2,50,1,2,50,75
Coby White,CHA,50,1250,228,77,183,42.1,74,180,41.1,62.3
Cody Martin,IND,4,55,0,0,4,0,0,4,0,0
Cody Williams,UTA,67,1631,88,30,125,24,28,119,23.5,35.2
Colby Jones,DET,1,7,0,0,2,0,0,2,0,0
Cole Anthony,MIL,35,527,44,15,46,32.6,14,45,31.1,47.8
Colin Castleton,ORL,4,21,0,0,0,-,-,-,-,-
Collin Gillespie,PHX,80,2282,406,137,297,46.1,132,288,45.8,68.4
Collin Murray-Boyles,TOR,57,1246,58,21,65,32.3,16,49,32.7,44.6
Collin Sexton,CHI,68,1613,242,82,185,44.3,78,175,44.6,65.4
Cooper Flagg,DAL,70,2344,106,38,121,31.4,30,105,28.6,43.8
Corey Kispert,ATL,58,1080,222,74,201,36.8,74,199,37.2,55.2
Cormac Ryan,MIL,11,271,66,22,49,44.9,22,48,45.8,67.3
Craig Porter Jr.,CLE,64,1148,50,17,49,34.7,16,48,33.3,51
Curtis Jones,DEN,10,88,11,4,11,36.4,3,10,30,50
D'Angelo Russell,WAS,26,495,56,19,58,32.8,18,57,31.6,48.3
DaQuan Jeffries,SAC,3,60,9,3,6,50,3,6,50,75
DaRon Holmes II,DEN,25,210,61,21,46,45.7,19,44,43.2,66.3
Daeqwon Plowden,SAC,32,844,165,55,167,32.9,55,167,32.9,49.4
Dalano Banton,BOS,6,62,0,0,1,0,0,1,0,0
Dalen Terry,PHI,48,551,60,20,55,36.4,20,55,36.4,54.5
Dalton Knecht,LAL,54,553,102,35,93,37.6,32,90,35.6,54.8
Daniel Gafford,DAL,55,1194,2,1,3,33.3,-,-,-,33.3
Daniss Jenkins,DET,72,1455,169,58,119,48.7,53,111,47.7,71
Danny Wolf,BKN,57,1187,174,58,177,32.8,58,177,32.8,49.2
Dario Saric,SAC,5,41,3,1,3,33.3,1,3,33.3,50
Dariq Whitehead,MEM,6,183,41,14,42,33.3,13,41,31.7,48.8
Darius Brown II,CLE,1,3,0,0,0,-,-,-,-,-
Darius Garland,LAC,45,1344,158,53,129,41.1,52,128,40.6,61.2
David Jones Garcia,SAS,11,68,3,1,3,33.3,1,2,50,50
David Roddy,DEN,5,73,3,1,5,20,1,5,20,30
Davion Mitchell,MIA,70,2000,205,69,176,39.2,67,174,38.5,58.2
Day'Ron Sharpe,BKN,62,1160,24,8,36,22.2,8,34,23.5,33.3
De'Aaron Fox,SAS,72,2231,245,85,212,40.1,75,194,38.7,57.8
De'Andre Hunter,SAC,45,1175,182,62,190,32.6,58,181,32,47.9
De'Anthony Melton,GSW,49,1125,184,62,175,35.4,60,171,35.1,52.6
DeAndre Jordan,NOP,12,199,0,0,1,0,-,-,-,0
DeJon Jarreau,MEM,11,231,14,5,27,18.5,4,25,16,25.9
DeMar DeRozan,SAC,77,2406,191,77,184,41.8,37,105,35.2,51.9
Dean Wade,CLE,59,1318,206,69,184,37.5,68,183,37.2,56
Deandre Ayton,LAL,72,1958,74,37,77,48.1,-,-,-,48.1
Dejounte Murray,NOP,14,389,36,12,34,35.3,12,34,35.3,52.9
Deni Avdija,POR,66,2199,271,92,248,37.1,87,240,36.3,54.6
Dennis Schröder,CLE,70,1696,175,59,167,35.3,57,159,35.8,52.4
Dereck Lively II,DAL,7,115,0,0,0,-,-,-,-,-
Derik Queen,NOP,81,2023,77,29,100,29,19,75,25.3,38.5
Derrick Jones Jr.,LAC,50,1350,164,55,146,37.7,54,143,37.8,56.2
Derrick White,BOS,77,2625,332,111,337,32.9,110,332,33.1,49.3
Desmond Bane,ORL,82,2756,312,106,244,43.4,100,228,43.9,63.9
Devin Booker,PHX,64,2146,150,52,139,37.4,46,121,38,54
Devin Carter,SAC,38,700,42,14,67,20.9,14,67,20.9,31.3
Devin Vassell,SAS,67,2044,461,160,397,40.3,141,363,38.8,58.1
Dillon Brooks,PHX,56,1702,246,83,233,35.6,80,221,36.2,52.8
Dillon Jones,NYK,7,39,3,1,3,33.3,1,3,33.3,50
Domantas Sabonis,SAC,19,564,33,14,40,35,5,27,18.5,41.3
Dominick Barlow,PHI,71,1689,73,26,97,26.8,21,82,25.6,37.6
Donovan Clingan,POR,77,2094,231,78,220,35.5,75,215,34.9,52.5
Donovan Mitchell,CLE,70,2342,294,100,242,41.3,94,231,40.7,60.7
Donte DiVincenzo,MIN,82,2494,575,192,499,38.5,191,498,38.4,57.6
Dorian Finney-Smith,HOU,37,620,78,26,94,27.7,26,94,27.7,41.5
Doug McDermott,SAC,29,439,132,44,112,39.3,44,112,39.3,58.9
Drake Powell,BKN,63,1320,122,41,146,28.1,40,143,28,41.8
Draymond Green,GSW,68,1869,304,103,315,32.7,98,302,32.5,48.3
Drew Eubanks,SAC,42,552,17,8,23,34.8,1,6,16.7,37
Drew Peterson,CHA,6,64,0,0,11,0,0,11,0,0
Drew Timme,LAL,27,235,39,15,31,48.4,9,22,40.9,62.9
Dru Smith,MIA,70,1141,99,33,110,30,33,108,30.6,45
Duncan Robinson,DET,77,2113,498,167,401,41.6,164,396,41.4,62.1
Duop Reath,POR,32,258,63,21,52,40.4,21,52,40.4,60.6
Dwight Powell,DAL,63,904,8,3,8,37.5,2,7,28.6,50
Dylan Cardwell,SAC,44,907,7,3,8,37.5,1,3,33.3,43.8
Dylan Harper,SAS,69,1558,167,56,146,38.4,55,142,38.7,57.2
Dyson Daniels,ATL,76,2520,71,25,113,22.1,21,104,20.2,31.4
E.J. Liddell,BKN,26,349,53,18,53,34,17,51,33.3,50
Egor Dëmin,BKN,52,1308,253,85,208,40.9,83,205,40.5,60.8
Elijah Harkless,UTA,26,545,54,18,74,24.3,18,74,24.3,36.5
Emanuel Miller,SAS,5,33,8,3,7,42.9,2,6,33.3,57.1
Enrique Freeman,MIN,4,37,8,3,5,60,2,4,50,80
Eric Gordon,PHI,6,74,21,7,12,58.3,7,12,58.3,87.5
Ethan Thompson,IND,32,653,90,30,101,29.7,30,99,30.3,44.6
Evan Mobley,CLE,65,2074,164,56,179,31.3,52,164,31.7,45.8
Franz Wagner,ORL,34,1019,86,29,79,36.7,28,74,37.8,54.4
GG Jackson,MEM,55,1178,134,45,132,34.1,44,130,33.8,50.8
Gabe Vincent,ATL,53,879,122,41,121,33.9,40,118,33.9,50.4
Garrett Temple,TOR,22,73,9,3,9,33.3,3,9,33.3,50
Garrison Mathews,IND,15,196,51,17,41,41.5,17,41,41.5,62.2
Gary Harris,MIL,48,661,81,27,60,45,27,59,45.8,67.5
Gary Payton II,GSW,73,1142,87,29,117,24.8,29,114,25.4,37.2
Gary Trent Jr.,MIL,65,1377,288,96,249,38.6,96,248,38.7,57.8
Giannis Antetokounmpo,MIL,36,1039,27,9,25,36,9,20,45,54
Goga Bitadze,ORL,64,972,10,4,16,25,2,11,18.2,31.3
Gradey Dick,TOR,76,1067,149,51,167,30.5,47,159,29.6,44.6
Grant Nelson,BKN,4,35,0,0,1,0,-,-,-,0
Grant Williams,CHA,36,711,145,50,121,41.3,45,116,38.8,59.9
Grayson Allen,PHX,51,1467,299,100,256,39.1,99,253,39.1,58.4
Guerschon Yabusele,CHI,67,1007,203,68,196,34.7,67,190,35.3,51.8
Gui Santos,GSW,68,1395,224,75,204,36.8,74,202,36.6,54.9
Harrison Barnes,SAS,77,1986,375,125,317,39.4,125,314,39.8,59.1
Harrison Ingram,SAS,7,26,3,1,1,100,1,1,100,150
Hayden Gray,UTA,1,25,0,0,0,-,0,0,-,-
Haywood Highsmith,PHX,7,91,21,7,13,53.8,7,13,53.8,80.8
Herbert Jones,NOP,56,1588,203,68,217,31.3,67,209,32.1,46.8
Hugo González,BOS,74,1084,125,42,109,38.5,41,105,39,57.3
Hunter Dickinson,NOP,5,42,2,1,6,16.7,0,3,0,16.7
Hunter Sallis,PHI,7,26,0,0,0,-,-,-,-,-
Hunter Tyson,DEN,21,162,20,7,33,21.2,6,29,20.7,30.3
Immanuel Quickley,TOR,70,2231,418,142,343,41.4,134,325,41.2,60.9
Isaac Jones,DET,7,36,0,0,2,0,0,2,0,0
Isaac Okoro,CHI,63,1695,198,66,195,33.8,66,195,33.8,50.8
Isaiah Collier,UTA,59,1517,45,15,66,22.7,15,66,22.7,34.1
Isaiah Crawford,HOU,14,92,9,3,12,25,3,12,25,37.5
Isaiah Hartenstein,OKC,47,1137,28,14,36,38.9,0,7,0,38.9
Isaiah Jackson,LAC,55,908,0,0,4,0,0,2,0,0
Isaiah Joe,OKC,71,1507,476,160,365,43.8,156,356,43.8,65.2
Isaiah Livers,PHX,36,347,33,11,32,34.4,11,31,35.5,51.6
Isaiah Stevens,SAC,3,43,0,0,2,0,0,1,0,0
Isaiah Stewart,DET,58,1317,121,41,119,34.5,39,115,33.9,50.8
Ivica Zubac,IND,48,1447,20,10,21,47.6,-,-,-,47.6
JD Davison,HOU,28,218,18,6,23,26.1,6,23,26.1,39.1
Ja Morant,MEM,20,569,35,12,36,33.3,11,34,32.4,48.6
Ja'Kobe Walter,TOR,72,1474,323,108,255,42.4,107,252,42.5,63.3
Jabari Smith Jr.,HOU,77,2705,488,166,451,36.8,156,421,37.1,54.1
Jabari Walker,PHI,64,762,96,32,93,34.4,32,91,35.2,51.6
Jacob Toppin,ATL,5,17,0,0,0,-,-,-,-,-
Jaden Hardy,WAS,57,898,239,80,198,40.4,79,197,40.1,60.4
Jaden Ivey,CHI,37,670,119,40,104,38.5,39,101,38.6,57.2
Jaden McDaniels,MIN,73,2316,214,72,163,44.2,70,155,45.2,65.6
Jae'Sean Tate,HOU,46,405,27,9,29,31,9,29,31,46.6
Jahmai Mashack,MEM,31,673,51,17,65,26.2,17,61,27.9,39.2
Jahmir Young,MIA,14,58,9,3,9,33.3,3,8,37.5,50
Jahmyl Telfort,LAC,8,32,0,0,3,0,0,3,0,0
Jaime Jaquez Jr.,MIA,75,2121,169,58,171,33.9,53,164,32.3,49.4
Jake LaRavia,LAL,82,2061,203,68,209,32.5,67,207,32.4,48.6
Jakob Poeltl,TOR,46,1149,34,17,33,51.5,-,-,-,51.5
Jalen Brunson,NYK,74,2590,270,92,232,39.7,86,216,39.8,58.2
Jalen Duren,DET,70,1976,4,2,11,18.2,-,-,-,18.2
Jalen Green,PHX,32,828,108,36,112,32.1,36,109,33,48.2
Jalen Johnson,ATL,72,2532,276,97,246,39.4,82,216,38,56.1
Jalen Pickett,DEN,50,806,114,40,95,42.1,34,81,42,60
Jalen Slawson,IND,13,311,42,14,41,34.1,14,38,36.8,51.2
Jalen Smith,CHI,53,1095,243,82,216,38,79,205,38.5,56.3
Jalen Suggs,ORL,57,1574,254,85,218,39,84,214,39.3,58.3
Jalen Williams,OKC,33,936,53,18,55,32.7,17,50,34,48.2
Jalen Wilson,BKN,54,859,149,50,143,35,49,142,34.5,52.1
Jamal Cain,ORL,40,486,70,24,65,36.9,22,62,35.5,53.8
Jamal Murray,DEN,75,2652,281,95,207,45.9,91,202,45,67.9
Jamal Shead,TOR,82,1852,190,64,205,31.2,62,200,31,46.3
Jamaree Bouyea,PHX,46,644,30,10,40,25,10,40,25,37.5
James Harden,CLE,70,2438,165,55,142,38.7,55,137,40.1,58.1
James Wiseman,IND,4,58,0,0,1,0,-,-,-,0
Jamir Watkins,WAS,50,1032,123,41,139,29.5,41,139,29.5,44.2
Jamison Battle,TOR,61,517,97,33,76,43.4,31,74,41.9,63.8
Jarace Walker,IND,76,1953,320,107,260,41.2,106,257,41.2,61.5
Jared McCain,OKC,67,1160,204,68,169,40.2,68,167,40.7,60.4
Jaren Jackson Jr.,UTA,48,1455,240,81,217,37.3,78,205,38,55.3
Jarred Vanderbilt,LAL,65,1128,89,30,100,30,29,98,29.6,44.5
Jarrett Allen,CLE,56,1519,45,22,57,38.6,1,7,14.3,39.5
Jase Richardson,ORL,54,587,68,23,57,40.4,22,56,39.3,59.6
Javon Small,MEM,41,830,61,21,46,45.7,19,42,45.2,66.3
Javonte Cooke,POR,19,94,6,2,16,12.5,2,16,12.5,18.8
Javonte Green,DET,82,1446,271,91,235,38.7,89,229,38.9,57.7
Jaxson Hayes,LAL,66,1207,13,5,7,71.4,3,3,100,92.9
Jay Huff,IND,82,1719,343,115,363,31.7,113,358,31.6,47.2
Jaylen Brown,BOS,71,2443,188,64,189,33.9,60,176,34.1,49.7
Jaylen Clark,MIN,68,888,93,31,93,33.3,31,93,33.3,50
Jaylen Wells,MEM,69,1821,331,113,300,37.7,105,282,37.2,55.2
Jaylin Williams,OKC,65,1277,294,100,256,39.1,94,247,38.1,57.4
Jaylon Tyson,CLE,66,1777,390,132,299,44.1,126,281,44.8,65.2
Jayson Kent,POR,5,22,3,1,4,25,1,4,25,37.5
Jayson Tatum,BOS,16,522,34,12,37,32.4,10,33,30.3,45.9
Jeff Green,HOU,30,175,32,11,39,28.2,10,38,26.3,41
Jerami Grant,POR,57,1695,362,121,323,37.5,120,318,37.7,56
Jeremiah Fears,NOP,82,2112,186,62,189,32.8,62,185,33.5,49.2
Jeremiah Robinson-Earl,DAL,22,361,34,12,44,27.3,10,41,24.4,38.6
Jeremy Sochan,NYK,44,469,41,15,51,29.4,11,45,24.4,40.2
Jericho Sims,MIL,67,1318,4,2,6,33.3,-,-,-,33.3
Jett Howard,ORL,55,695,132,44,116,37.9,44,116,37.9,56.9
Jevon Carter,ORL,53,867,157,53,143,37.1,51,139,36.7,54.9
Jimmy Butler III,GSW,38,1182,73,26,71,36.6,21,56,37.5,51.4
Joan Beringer,MIN,40,314,0,0,0,-,-,-,-,-
Jock Landale,ATL,68,1506,239,84,217,38.7,71,185,38.4,55.1
Joe Ingles,MIN,27,153,11,4,9,44.4,3,8,37.5,61.1
Joel Embiid,PHI,38,1201,235,96,211,45.5,43,124,34.7,55.7
John Collins,LAC,69,1871,281,98,226,43.4,85,204,41.7,62.2
John Konchar,UTA,56,1115,80,27,95,28.4,26,92,28.3,42.1
John Poulakidas,DAL,13,253,68,23,56,41.1,22,55,40,60.7
John Tonje,BOS,6,42,6,2,9,22.2,2,9,22.2,33.3
Johni Broome,PHI,11,55,0,0,8,0,0,5,0,0
Johnny Furphy,IND,35,643,66,22,68,32.4,22,67,32.8,48.5
Johnny Juzang,MIN,21,88,12,4,17,23.5,4,17,23.5,35.3
Jonas Valanciunas,DEN,65,871,75,34,72,47.2,7,22,31.8,52.1
Jonathan Isaac,ORL,52,521,23,8,40,20,7,37,18.9,28.8
Jonathan Kuminga,ATL,36,830,82,28,85,32.9,26,82,31.7,48.2
Jonathan Mogbo,TOR,40,249,0,0,2,0,0,1,0,0
Jordan Clarkson,NYK,72,1279,184,62,174,35.6,60,168,35.7,52.9
Jordan Goodwin,PHX,70,1572,278,94,244,38.5,90,238,37.8,57
Jordan Hawkins,NOP,51,692,110,37,98,37.8,36,95,37.9,56.1
Jordan McLaughlin,SAS,44,282,36,12,30,40,12,30,40,60
Jordan Miller,LAC,60,1325,108,36,99,36.4,36,98,36.7,54.5
Jordan Poole,NOP,39,933,153,51,152,33.6,51,151,33.8,50.3
Jordan Walsh,BOS,68,1212,144,48,117,41,48,116,41.4,61.5
Jose Alvarado,NYK,69,1370,204,68,178,38.2,68,177,38.4,57.3
Josh Giddey,CHI,54,1731,209,70,183,38.3,69,180,38.3,57.1
Josh Green,CHA,58,908,173,58,132,43.9,57,131,43.5,65.5
Josh Hart,NYK,66,1994,197,66,168,39.3,65,161,40.4,58.6
Josh Minott,BKN,49,834,165,55,134,41,55,132,41.7,61.6
Josh Oduro,NOP,3,82,2,1,3,33.3,0,2,0,33.3
Josh Okogie,HOU,78,1354,185,62,158,39.2,61,154,39.6,58.5
Jrue Holiday,POR,53,1560,155,52,121,43,51,118,43.2,64
Julian Champagnie,SAS,82,2266,533,178,461,38.6,177,460,38.5,57.8
Julian Phillips,MIN,48,427,62,21,64,32.8,20,63,31.7,48.4
Julian Reese,WAS,13,402,6,3,11,27.3,-,-,-,27.3
Julian Strawther,DEN,57,861,150,50,117,42.7,50,116,43.1,64.1
Julius Randle,MIN,79,2610,227,78,239,32.6,71,213,33.3,47.5
Justin Champagnie,WAS,69,1377,138,46,145,31.7,46,143,32.2,47.6
Justin Edwards,PHI,64,977,174,58,155,37.4,58,155,37.4,56.1
Jusuf Nurkić,UTA,41,1083,94,36,81,44.4,22,62,35.5,58
KJ Simpson,DEN,20,258,27,9,30,30,9,29,31,45
Kadary Richmond,WAS,3,67,6,2,3,66.7,2,3,66.7,100
Kam Jones,IND,37,616,51,18,61,29.5,15,57,26.3,41.8
Karl-Anthony Towns,NYK,75,2322,302,103,284,36.3,96,261,36.8,53.2
Karlo Matković,NOP,62,912,115,39,94,41.5,37,89,41.6,61.2
Kasparas Jakučionis,MIA,53,945,186,62,129,48.1,62,129,48.1,72.1
Kawhi Leonard,LAC,65,2085,241,84,212,39.6,73,184,39.7,56.8
Keaton Wallace,ATL,53,536,81,27,67,40.3,27,66,40.9,60.4
Keegan Murray,SAC,23,793,104,38,110,34.5,28,91,30.8,47.3
Kel'el Ware,MIA,77,1704,275,93,227,41,89,218,40.8,60.6
Keldon Johnson,SAS,82,1911,272,91,251,36.3,90,248,36.3,54.2
Kelly Olynyk,SAS,42,360,38,13,47,27.7,12,46,26.1,40.4
Kelly Oubre Jr.,PHI,50,1574,239,80,211,37.9,79,208,38,56.6
Kennedy Chandler,UTA,11,355,33,11,30,36.7,11,29,37.9,55
Kenrich Williams,OKC,56,855,133,45,109,41.3,43,105,41,61
Kentavious Caldwell-Pope,MEM,51,1088,125,44,129,34.1,37,118,31.4,48.4
Keon Ellis,CLE,72,1479,207,69,196,35.2,69,194,35.6,52.8
Keshad Johnson,MIA,32,280,41,14,42,33.3,13,41,31.7,48.8
Keshon Gilbert,ATL,4,74,0,0,1,0,0,1,0,0
Kevin Durant,HOU,78,2840,451,165,362,45.6,121,287,42.2,62.3
Kevin Huerter,DET,69,1549,245,82,270,30.4,81,268,30.2,45.4
Kevin Love,UTA,37,613,149,51,128,39.8,47,121,38.8,58.2
Kevin McCullar Jr.,NYK,21,155,12,4,13,30.8,4,13,30.8,46.2
Kevin Porter Jr.,MIL,38,1261,66,22,62,35.5,22,61,36.1,53.2
Kevon Looney,NOP,21,307,6,2,13,15.4,2,11,18.2,23.1
Keyonte George,UTA,54,1786,246,85,199,42.7,76,183,41.5,61.8
Khaman Maluach,PHX,46,411,17,6,23,26.1,5,20,25,37
Khris Middleton,DAL,63,1439,162,58,146,39.7,46,118,39,55.5
Killian Hayes,SAC,23,406,30,10,36,27.8,10,35,28.6,41.7
Klay Thompson,DAL,69,1497,472,160,414,38.6,152,391,38.9,57
Kobe Brown,IND,61,962,138,46,119,38.7,46,118,39,58
Kobe Bufkin,LAL,16,119,12,4,18,22.2,4,17,23.5,33.3
Kobe Sanders,LAC,68,1351,238,80,190,42.1,78,185,42.2,62.6
Koby Brea,PHX,12,84,24,8,18,44.4,8,18,44.4,66.7
Kon Knueppel,CHA,81,2551,659,225,518,43.4,209,491,42.6,63.6
Kris Dunn,LAC,82,2230,233,79,207,38.2,75,199,37.7,56.3
Kris Murray,POR,57,1333,102,34,120,28.3,34,120,28.3,42.5
Kristaps Porziņģis,GSW,32,769,156,53,157,33.8,50,145,34.5,49.7
Kyle Anderson,MIN,43,853,9,4,15,26.7,1,7,14.3,30
Kyle Filipowski,UTA,77,1801,219,75,224,33.5,69,209,33,48.9
Kyle Kuzma,MIL,69,1806,214,73,218,33.5,68,199,34.2,49.1
Kyle Lowry,PHI,14,118,9,3,19,15.8,3,19,15.8,23.7
Kyshawn George,WAS,48,1391,195,65,153,42.5,65,152,42.8,63.7
LJ Cryer,GSW,18,292,66,22,58,37.9,22,58,37.9,56.9
LaMelo Ball,CHA,72,2017,370,124,333,37.2,122,328,37.2,55.6
Lachlan Olbrich,CHI,37,344,8,3,18,16.7,2,17,11.8,22.2
Landry Shamet,NYK,51,1171,237,80,192,41.7,77,188,41,61.7
Larry Nance Jr.,CLE,35,449,57,19,64,29.7,19,61,31.1,44.5
Lauri Markkanen,UTA,42,1443,331,112,300,37.3,107,287,37.3,55.2
Lawson Lovering,MEM,2,49,0,0,0,-,-,-,-,-
LeBron James,LAL,60,1989,139,48,145,33.1,43,126,34.1,47.9
Leaky Black,WAS,15,433,51,17,50,34,17,48,35.4,51
Leonard Miller,CHI,46,719,92,31,91,34.1,30,89,33.7,50.5
Liam McNeeley,CHA,31,368,66,22,55,40,22,55,40,60
Lindy Waters III,SAS,40,285,66,22,61,36.1,22,61,36.1,54.1
Lonzo Ball,CLE,35,728,77,26,107,24.3,25,105,23.8,36
Lucas Williamson,MEM,7,224,36,12,43,27.9,12,42,28.6,41.9
Luguentz Dort,OKC,69,1849,357,120,340,35.3,117,332,35.2,52.5
Luka Dončić,LAL,64,2289,209,70,186,37.6,69,182,37.9,56.2
Luka Garza,BOS,69,1118,184,65,144,45.1,54,126,42.9,63.9
Luke Kennard,LAL,78,1680,305,104,210,49.5,97,199,48.7,72.6
Luke Kornet,SAS,68,1430,4,2,5,40,-,-,-,40
Luke Travers,CLE,12,103,3,1,16,6.3,1,16,6.3,9.4
Mac McClung,CHI,11,135,9,3,22,13.6,3,22,13.6,20.5
Malachi Smith,BKN,15,359,48,16,34,47.1,16,34,47.1,70.6
Malaki Branham,WAS,28,275,33,11,24,45.8,11,24,45.8,68.8
Malevy Leons,GSW,25,276,12,4,15,26.7,4,15,26.7,40
Malik Monk,SAC,62,1364,234,78,172,45.3,78,171,45.6,68
MarJon Beauchamp,PHI,14,196,33,11,36,30.6,11,36,30.6,45.8
Marcus Sasser,DET,38,457,91,31,63,49.2,29,60,48.3,72.2
Marcus Smart,LAL,62,1769,262,88,260,33.8,86,256,33.6,50.4
Mark Sears,MIL,7,26,9,3,4,75,3,4,75,112.5
Mark Williams,PHX,60,1416,11,5,17,29.4,1,1,100,32.4
Markelle Fultz,TOR,5,36,0,0,1,0,-,-,-,0
Marvin Bagley III,DAL,60,1201,70,24,53,45.3,22,48,45.8,66
Mason Plumlee,SAS,20,171,0,0,0,-,-,-,-,-
Matas Buzelis,CHI,77,2248,423,141,384,36.7,141,383,36.8,55.1
Matisse Thybulle,POR,30,480,95,32,81,39.5,31,80,38.8,58.6
Max Christie,DAL,77,2244,399,133,308,43.2,133,307,43.3,64.8
Max Shulga,BOS,11,36,3,1,4,25,1,4,25,37.5
Max Strus,CLE,12,288,87,29,70,41.4,29,70,41.4,62.1
Maxi Kleber,LAL,43,461,18,6,29,20.7,6,26,23.1,31
Maxime Raynaud,SAC,74,1964,127,52,126,41.3,23,71,32.4,50.4
Micah Peavy,NOP,61,913,82,28,103,27.2,26,99,26.3,39.8
Micah Potter,IND,47,908,216,73,175,41.7,70,166,42.2,61.7
Michael Porter Jr.,BKN,52,1689,396,137,364,37.6,122,325,37.5,54.4
Mikal Bridges,NYK,82,2692,470,162,422,38.4,146,389,37.5,55.7
Mike Conley,MIN,54,991,123,41,110,37.3,41,108,38,55.9
Miles Bridges,CHA,77,2387,359,121,331,36.6,117,321,36.4,54.2
Miles Kelly,DAL,14,134,30,10,34,29.4,10,33,30.3,44.1
Miles McBride,NYK,41,1080,222,74,187,39.6,74,186,39.8,59.4
Mitchell Robinson,NYK,60,1175,2,1,1,100,-,-,-,100
Mo Bamba,UTA,4,44,2,1,1,100,-,-,-,100
Mohamed Diawara,NYK,69,634,135,47,116,40.5,41,107,38.3,58.2
Monte Morris,IND,6,65,3,1,6,16.7,1,6,16.7,25
Moritz Wagner,ORL,36,427,57,19,67,28.4,19,66,28.8,42.5
Moses Moody,GSW,60,1540,420,141,333,42.3,138,326,42.3,63.1
Mouhamadou Gueye,CHI,2,45,0,0,4,0,0,4,0,0
Mouhamed Gueye,ATL,77,1179,123,42,138,30.4,39,125,31.2,44.6
Moussa Cisse,DAL,38,530,0,0,0,-,-,-,-,-
Moussa Diabaté,CHA,73,1899,11,5,7,71.4,1,1,100,78.6
Myles Turner,MIL,71,1912,436,152,377,40.3,132,341,38.7,57.8
Myron Gardner,MIA,45,411,66,22,58,37.9,22,57,38.6,56.9
N'Faly Dante,ATL,4,15,0,0,1,0,-,-,-,0
Nae'Qwan Tomlin,CLE,64,1004,75,25,108,23.1,25,105,23.8,34.7
Naji Marshall,DAL,74,2184,161,54,185,29.2,53,174,30.5,43.5
Nate Williams,GSW,14,239,36,12,28,42.9,12,28,42.9,64.3
Naz Reid,MIN,77,2007,398,134,353,38,130,345,37.7,56.4
Neemias Queta,BOS,76,1926,13,6,19,31.6,1,6,16.7,34.2
Nic Claxton,BKN,69,1920,21,9,36,25,3,14,21.4,29.2
Nick Richards,CHI,48,701,27,11,27,40.7,5,17,29.4,50
Nick Smith Jr.,LAL,30,375,68,23,52,44.2,22,51,43.1,65.4
Nickeil Alexander-Walker,ATL,78,2603,587,198,460,43,191,448,42.6,63.8
Nicolas Batum,LAC,74,1295,267,90,220,40.9,87,213,40.8,60.7
Nigel Hayes-Davis,PHX,27,195,6,2,15,13.3,2,15,13.3,20
Nikola Jokić,DEN,65,2265,292,107,237,45.1,78,195,40,61.6
Nikola Jović,MIA,47,808,117,39,159,24.5,39,153,25.5,36.8
Nikola Topić,OKC,10,160,12,4,10,40,4,10,40,60
Nikola Vučević,BOS,64,1818,384,143,346,41.3,98,263,37.3,55.5
Nique Clifford,SAC,75,1882,180,62,174,35.6,56,158,35.4,51.7
Noa Essengue,CHI,2,6,0,0,2,0,0,2,0,0
Noah Clowney,BKN,66,1780,362,121,361,33.5,120,359,33.4,50.1
Noah Penda,ORL,59,757,69,23,75,30.7,23,74,31.1,46
Nolan Traore,BKN,56,1243,138,46,149,30.9,46,148,31.1,46.3
Norchad Omier,LAC,6,24,0,0,1,0,0,1,0,0
Norman Powell,MIA,58,1717,304,104,259,40.2,96,243,39.5,58.7
OG Anunoby,NYK,67,2224,419,140,338,41.4,139,331,42,62
Obi Toppin,IND,24,424,121,42,98,42.9,37,88,42,61.7
Ochai Agbaji,BKN,62,973,87,29,112,25.9,29,111,26.1,38.8
Olivier Sarr,CLE,4,39,6,2,3,66.7,2,3,66.7,100
Olivier-Maxence Prosper,MEM,53,984,164,55,141,39,54,138,39.1,58.2
Omer Yurtseven,GSW,9,104,2,1,6,16.7,0,4,0,16.7
Onyeka Okongwu,ATL,74,2297,430,145,377,38.5,140,364,38.5,57
Orlando Robinson,ORL,4,25,3,1,2,50,1,2,50,75
Oscar Tshiebwe,UTA,27,448,10,5,11,45.5,-,-,-,45.5
Oso Ighodaro,PHX,82,1808,30,15,32,46.9,0,1,0,46.9
Ousmane Dieng,MIL,57,1099,119,40,102,39.2,39,100,39,58.3
P.J. Washington,DAL,56,1736,210,70,206,34,70,201,34.8,51
PJ Hall,CHA,19,213,9,3,7,42.9,3,5,60,64.3
Pacôme Dadiet,NYK,29,136,18,6,29,20.7,6,28,21.4,31
Paolo Banchero,ORL,72,2502,165,57,138,41.3,51,127,40.2,59.8
Pascal Siakam,IND,62,2057,256,88,251,35.1,80,226,35.4,51
Pat Connaughton,CHA,42,297,60,20,50,40,20,50,40,60
Pat Spencer,GSW,66,1229,102,34,90,37.8,34,87,39.1,56.7
Patrick Baldwin Jr.,SAC,9,102,15,5,11,45.5,5,11,45.5,68.2
Patrick Williams,CHI,72,1474,240,80,223,35.9,80,222,36,53.8
Paul George,PHI,37,1135,221,76,184,41.3,69,166,41.6,60.1
Paul Reed,DET,65,901,58,23,58,39.7,12,36,33.3,50
Payton Pritchard,BOS,79,2556,402,134,324,41.4,134,317,42.3,62
Payton Sandfort,OKC,4,63,21,7,14,50,7,14,50,75
Pelle Larsson,MIA,70,1849,179,60,177,33.9,59,174,33.9,50.6
Pete Nance,MIL,47,737,147,49,112,43.8,49,112,43.8,65.6
Peyton Watson,DEN,54,1598,230,79,171,46.2,72,156,46.2,67.3
Precious Achiuwa,SAC,73,1745,81,27,93,29,27,91,29.7,43.5
Quentin Grimes,PHI,75,2206,261,87,239,36.4,87,238,36.6,54.6
Quenton Jackson,IND,49,897,98,33,83,39.8,32,80,40,59
Quinten Post,GSW,67,1159,276,94,267,35.2,88,256,34.4,51.7
RJ Barrett,TOR,57,1726,278,93,267,34.8,92,265,34.7,52.1
Rasheer Fleming,PHX,55,673,132,44,125,35.2,44,125,35.2,52.8
RayJ Dennis,ATL,17,206,27,9,35,25.7,9,34,26.5,38.6
Rayan Rupert,MEM,64,1073,108,36,112,32.1,36,111,32.4,48.2
Reed Sheppard,HOU,82,2147,469,157,388,40.5,155,382,40.6,60.4
Riley Minix,CLE,9,58,12,4,11,36.4,4,11,36.4,54.5
Rob Dillingham,CHI,65,970,93,32,83,38.6,29,80,36.3,56
Robert Williams III,POR,59,1008,35,13,31,41.9,9,23,39.1,56.5
Rocco Zikarsky,MIN,5,36,0,0,1,0,-,-,-,0
Ron Harper Jr.,BOS,29,318,63,21,65,32.3,21,65,32.3,48.5
Ronald Holland II,DET,78,1550,144,48,184,26.1,48,182,26.4,39.1
Royce O'Neale,PHX,78,2213,498,166,401,41.4,166,401,41.4,62.1
Rudy Gobert,MIN,76,2380,8,4,14,28.6,0,5,0,28.6
Rui Hachimura,LAL,68,1927,349,120,270,44.4,109,249,43.8,64.6
Russell Westbrook,SAC,64,1853,297,99,285,34.7,99,283,35,52.1
Ryan Dunn,PHX,70,1355,162,54,159,34,54,156,34.6,50.9
Ryan Kalkbrenner,CHA,69,1479,4,2,5,40,0,2,0,40
Ryan Nembhard,DAL,60,1171,95,33,92,35.9,29,83,34.9,51.6
Ryan Rollins,MIL,74,2375,299,100,238,42,99,236,41.9,62.8
Saddiq Bey,NOP,72,2246,348,117,309,37.9,114,302,37.7,56.3
Sam Hauser,BOS,78,1934,493,165,418,39.5,163,413,39.5,59
Sam Merrill,CLE,52,1377,359,120,276,43.5,119,271,43.9,65
Sandro Mamukelashvili,TOR,80,1751,336,113,289,39.1,110,282,39,58.1
Santi Aldama,MEM,43,1198,204,71,191,37.2,62,176,35.2,53.4
Scoot Henderson,POR,30,748,110,37,98,37.8,36,94,38.3,56.1
Scottie Barnes,TOR,80,2681,233,89,239,37.2,55,181,30.4,48.7
Scotty Pippen Jr.,MEM,10,212,24,8,18,44.4,8,17,47.1,66.7
Sean Pedulla,LAC,7,31,6,2,7,28.6,2,6,33.3,42.9
Seth Curry,GSW,10,133,30,10,24,41.7,10,21,47.6,62.5
Shaedon Sharpe,POR,50,1471,91,31,91,34.1,29,86,33.7,50
Shai Gilgeous-Alexander,OKC,68,2259,90,35,72,48.6,20,50,40,62.5
Sharife Cooper,WAS,41,700,51,17,42,40.5,17,41,41.5,60.7
Sidy Cissoko,POR,75,1435,159,53,180,29.4,53,179,29.6,44.2
Simone Fontecchio,MIA,70,1172,302,101,278,36.3,100,275,36.4,54.3
Sion James,CHA,82,1843,222,74,207,35.7,74,206,35.9,53.6
Skal Labissiere,WAS,3,38,7,3,6,50,1,4,25,58.3
Spencer Jones,DEN,64,1417,164,55,143,38.5,54,138,39.1,57.3
Stanley Umude,SAS,2,7,0,0,1,0,0,1,0,0
Stephen Curry,GSW,43,1329,293,100,267,37.5,93,249,37.3,54.9
Stephon Castle,SAS,68,2038,232,78,205,38,76,200,38,56.6
Steven Adams,HOU,32,730,2,1,1,100,-,-,-,100
Svi Mykhailiuk,UTA,50,1156,195,65,155,41.9,65,153,42.5,62.9
T.J. McConnell,IND,56,963,63,24,55,43.6,15,39,38.5,57.3
Taelon Peter,IND,38,492,107,36,107,33.6,35,106,33,50
Taj Gibson,MEM,10,97,13,5,11,45.5,3,6,50,59.1
Tari Eason,HOU,60,1549,247,83,233,35.6,81,218,37.2,53
Taurean Prince,MIL,26,611,131,44,105,41.9,43,104,41.3,62.4
Taylor Hendricks,MEM,59,1118,179,60,173,34.7,59,171,34.5,51.7
Terance Mann,BKN,63,1529,132,45,112,40.2,42,104,40.4,58.9
Terrence Shannon Jr,MIN,43,538,51,17,52,32.7,17,51,33.3,49
Thanasis Antetokounmpo,MIL,34,148,0,0,4,0,0,3,0,0
Thomas Bryant,CLE,60,732,148,51,137,37.2,46,125,36.8,54
Tidjane Salaün,CHA,37,575,102,34,80,42.5,34,80,42.5,63.8
Tim Hardaway Jr.,DEN,80,2127,549,186,443,42,177,427,41.5,62
Tobias Harris,DET,63,1745,234,79,213,37.1,76,200,38,54.9
Toby Okani,MEM,6,217,24,8,27,29.6,8,26,30.8,44.4
Tolu Smith,DET,15,137,0,0,0,-,-,-,-,-
Tony Bradley,ATL,41,451,12,5,10,50,2,4,50,60
Tosan Evbuomwan,CHA,5,8,0,0,0,-,-,-,-,-
Toumani Camara,POR,82,2731,530,177,463,38.2,176,459,38.3,57.2
Trae Young,WAS,15,384,21,7,19,36.8,7,19,36.8,55.3
Trayce Jackson-Davis,TOR,53,496,3,1,1,100,1,1,100,150
Tre Johnson,WAS,60,1443,229,79,215,36.7,71,203,35,53.3
Tre Jones,CHI,65,1752,81,27,97,27.8,27,94,28.7,41.8
Tre Mann,CHA,53,668,84,28,77,36.4,28,76,36.8,54.5
Trendon Watford,PHI,53,864,27,9,44,20.5,9,43,20.9,30.7
Trentyn Flowers,CHI,2,6,0,0,1,0,0,1,0,0
Trevon Scott,BKN,6,182,19,7,20,35,5,15,33.3,47.5
Trevor Keels,MIA,8,15,3,1,7,14.3,1,6,16.7,21.4
Trey Alexander,NOP,9,111,18,6,9,66.7,6,9,66.7,100
Trey Jemison III,NYK,13,82,0,0,0,-,-,-,-,-
Trey Murphy III,NOP,66,2341,443,149,344,43.3,145,338,42.9,64.4
Tristan Enaruna,CLE,9,85,9,3,10,30,3,10,30,45
Tristan Vukcevic,WAS,49,671,144,52,146,35.6,40,117,34.2,49.3
Tristan da Silva,ORL,77,1899,302,102,268,38.1,98,258,38,56.3
Tristen Newton,HOU,1,12,6,2,4,50,2,4,50,75
Ty Jerome,MEM,15,339,22,8,22,36.4,6,20,30,50
TyTy Washington Jr.,LAC,16,88,6,2,4,50,2,4,50,75
Tyler Burton,MEM,12,307,63,21,56,37.5,21,55,38.2,56.3
Tyler Herro,MIA,33,1033,125,42,120,35,41,112,36.6,52.1
Tyler Kolek,NYK,62,727,83,28,73,38.4,27,72,37.5,56.8
Tyler Smith,DAL,12,166,30,10,32,31.3,10,32,31.3,46.9
Tyrese Martin,PHI,46,777,135,45,132,34.1,45,132,34.1,51.1
Tyrese Maxey,PHI,70,2661,314,107,249,43,100,239,41.8,63.1
Tyrese Proctor,CLE,50,545,81,27,79,34.2,27,77,35.1,51.3
Tyson Etienne,BKN,24,380,101,34,92,37,33,87,37.9,54.9
Tyus Jones,DEN,67,979,87,29,101,28.7,29,100,29,43.1
VJ Edgecombe,PHI,75,2623,306,103,271,38,100,261,38.3,56.5
Victor Wembanyama,SAS,64,1866,318,115,293,39.2,88,241,36.5,54.3
Vince Williams Jr.,UTA,40,819,135,46,123,37.4,43,120,35.8,54.9
Vladislav Goldin,MIA,9,24,0,0,0,-,-,-,-,-
Vít Krejčí,POR,65,1392,324,109,270,40.4,106,265,40,60
Walker Kessler,UTA,5,154,15,5,6,83.3,5,6,83.3,125
Walter Clayton Jr.,MEM,69,1411,123,41,134,30.6,41,134,30.6,45.9
Wendell Carter Jr.,ORL,78,2288,269,100,283,35.3,69,220,31.4,47.5
Wendell Moore Jr.,DET,6,60,0,0,1,0,0,1,0,0
Will Richard,GSW,69,1377,201,69,184,37.5,63,175,36,54.6
Will Riley,WAS,74,1632,165,56,173,32.4,53,167,31.7,47.7
Xavier Tillman,CHA,30,184,9,3,15,20,3,14,21.4,30
Yang Hansen,POR,43,300,15,5,39,12.8,5,37,13.5,19.2
Yanic Konan Niederhäuser,LAC,41,424,3,1,8,12.5,1,5,20,18.8
Yuki Kawamura,CHI,18,209,21,7,22,31.8,7,22,31.8,47.7
Yves Missi,NOP,66,1297,2,1,7,14.3,0,1,0,14.3
Zaccharie Risacher,ATL,67,1503,252,86,230,37.4,80,209,38.3,54.8
Zach Collins,CHI,10,184,33,12,26,46.2,9,21,42.9,63.5
Zach Edey,MEM,11,284,7,3,10,30,1,5,20,35
Zach LaVine,SAC,39,1224,151,51,127,40.2,49,115,42.6,59.4
Zeke Nnaji,DEN,52,626,45,16,60,26.7,13,51,25.5,37.5
Ziaire Williams,BKN,56,1281,230,77,231,33.3,76,230,33,49.8
Zion Williamson,NOP,62,1841,0,0,3,0,0,1,0,0
Zyon Pullin,MIN,5,43,3,1,1,100,1,1,100,150
