Player,hustle_age,hustle_screen_assists,hustle_screen_assists_pts,hustle_deflections,hustle_off_loose_balls_recovered,hustle_def_loose_balls_recovered,hustle_loose_balls_recovered,hustle_loose_balls_recovered_off,hustle_loose_balls_recovered_def,hustle_charges_drawn,hustle_contested_2pt_shots,hustle_contested_3pt_shots,hustle_contested_shots
A.J. Lawson,25,1,2,16,0,2,2,0.0,100.0,1,12,8,20
AJ Green,26,28,64,111,10,26,36,27.8,72.2,3,172,134,306
AJ Johnson,21,3,6,22,4,0,4,100.0,0.0,0,34,30,64
Aaron Gordon,30,36,89,27,6,9,15,40.0,60.0,0,67,35,102
Aaron Holiday,29,6,13,39,2,8,10,20.0,80.0,2,49,53,102
Aaron Nesmith,26,27,54,50,16,11,27,59.3,40.7,4,150,100,250
Aaron Wiggins,27,18,38,113,13,21,34,38.2,61.8,1,144,117,261
Ace Bailey,19,18,38,111,26,14,40,65.0,35.0,0,190,156,346
Adama Bal,22,5,13,11,0,0,0,0.0,0.0,0,18,16,34
Adem Bona,23,112,271,82,11,18,29,37.9,62.1,0,261,114,375
Adou Thiero,22,3,8,15,2,2,4,50.0,50.0,0,17,2,19
Ajay Mitchell,24,10,23,129,14,22,36,38.9,61.1,1,123,71,194
Al Horford,40,47,113,53,9,9,18,50.0,50.0,0,187,111,298
Alex Antetokounmpo,24,0,0,0,0,0,0,0.0,0.0,0,1,1,2
Alex Caruso,32,37,84,172,9,18,27,33.3,66.7,2,55,77,132
Alex Morales,28,1,2,0,0,0,0,0.0,0.0,0,0,2,2
Alex Sarr,21,172,400,72,12,10,22,54.5,45.5,0,349,101,450
Alijah Martin,24,2,4,15,2,4,6,33.3,66.7,0,20,9,29
Alondes Williams,27,0,0,4,0,0,0,0.0,0.0,0,7,3,10
Alperen Sengun,23,159,369,164,34,18,52,65.4,34.6,6,420,196,616
Amari Williams,24,13,35,4,0,0,0,0.0,0.0,0,28,14,42
Amen Thompson,23,36,87,213,34,33,67,50.7,49.3,1,199,101,300
Amir Coffey,29,2,5,25,6,3,9,66.7,33.3,1,26,17,43
Andersson Garcia,25,8,20,20,4,1,5,80.0,20.0,0,19,5,24
Andre Drummond,32,113,258,95,9,6,15,60.0,40.0,0,232,89,321
Andre Jackson Jr.,24,14,31,34,6,6,12,50.0,50.0,0,21,20,41
Andrew Nembhard,26,26,57,94,18,13,31,58.1,41.9,1,90,51,141
Andrew Wiggins,31,8,19,151,24,15,39,61.5,38.5,0,273,242,515
Anfernee Simons,27,10,22,66,4,9,13,30.8,69.2,0,83,76,159
Anthony Black,22,19,46,194,8,21,29,27.6,72.4,3,142,124,266
Anthony Davis,33,54,115,48,3,1,4,75.0,25.0,2,133,61,194
Anthony Edwards,24,7,19,133,24,15,39,61.5,38.5,0,148,103,251
Anthony Gill,33,79,180,74,5,5,10,50.0,50.0,1,123,98,221
Antonio Reeves,25,0,0,1,0,0,0,0.0,0.0,0,4,5,9
Ariel Hukporti,24,59,134,17,7,5,12,58.3,41.7,0,123,52,175
Asa Newell,20,23,50,15,5,5,10,50.0,50.0,0,79,49,128
Ausar Thompson,23,37,88,321,28,33,61,45.9,54.1,2,160,149,309
Austin Reaves,28,16,36,114,20,20,40,50.0,50.0,15,84,69,153
Ayo Dosunmu,26,10,26,83,20,18,38,52.6,47.4,4,147,102,249
Bam Adebayo,28,85,189,175,22,16,38,57.9,42.1,2,300,199,499
Baylor Scheierman,25,19,47,99,18,8,26,69.2,30.8,5,92,75,167
Ben Saraf,20,7,19,76,14,5,19,73.7,26.3,1,98,54,152
Ben Sheppard,24,9,20,73,16,9,25,64.0,36.0,0,115,54,169
Bennedict Mathurin,24,11,24,68,11,8,19,57.9,42.1,1,83,60,143
Bez Mbeng,23,5,12,59,1,6,7,14.3,85.7,0,31,45,76
Bilal Coulibaly,21,19,46,172,7,9,16,43.8,56.3,2,126,63,189
Bismack Biyombo,33,11,28,3,0,0,0,0.0,0.0,1,26,12,38
Blake Hinson,26,2,5,8,1,0,1,100.0,0.0,0,26,17,43
Blake Wesley,23,1,2,38,0,2,2,0.0,100.0,0,10,10,20
Bobby Portis Jr.,31,64,137,110,12,15,27,44.4,55.6,1,181,172,353
Bobi Klintman,23,2,4,6,1,0,1,100.0,0.0,1,5,7,12
Bogdan Bogdanović,33,6,17,25,3,3,6,50.0,50.0,0,43,34,77
Bones Hyland,25,11,24,90,8,13,21,38.1,61.9,1,83,64,147
Bradley Beal,33,1,2,13,2,1,3,66.7,33.3,0,2,12,14
Branden Carlson,27,33,75,17,1,1,2,50.0,50.0,0,139,54,193
Brandin Podziemski,23,45,114,149,13,18,31,41.9,58.1,23,114,98,212
Brandon Clarke,29,1,3,6,0,0,0,0.0,0.0,1,4,0,4
Brandon Ingram,28,18,42,132,16,15,31,51.6,48.4,0,217,168,385
Brandon Miller,23,32,80,130,21,13,34,61.8,38.2,2,170,109,279
Brandon Williams,26,9,21,110,13,22,35,37.1,62.9,2,98,96,194
Brice Sensabaugh,22,26,59,107,19,6,25,76.0,24.0,9,95,103,198
Bronny James,21,3,7,40,1,2,3,33.3,66.7,0,14,28,42
Brook Lopez,38,116,264,127,3,11,14,21.4,78.6,0,509,112,621
Brooks Barnhizer,24,8,18,25,2,1,3,66.7,33.3,0,32,22,54
Bruce Brown,29,43,103,195,10,10,20,50.0,50.0,0,90,121,211
Bryce McGowens,23,7,16,64,1,8,9,11.1,88.9,8,64,72,136
Bub Carrington,20,25,55,119,23,16,39,59.0,41.0,0,126,111,237
Buddy Boeheim,26,1,2,1,0,0,0,0.0,0.0,0,5,0,5
Buddy Hield,33,5,11,78,11,11,22,50.0,50.0,0,80,54,134
CJ Huntley,24,1,2,1,0,0,0,0.0,0.0,0,2,1,3
CJ McCollum,34,26,63,113,20,21,41,48.8,51.2,0,161,165,326
Cade Cunningham,24,20,44,154,24,32,56,42.9,57.1,0,177,132,309
Caleb Houstan,23,1,2,5,0,1,1,0.0,100.0,0,3,2,5
Caleb Love,24,5,11,59,5,4,9,55.6,44.4,0,37,47,84
Caleb Martin,30,28,64,73,8,7,15,53.3,46.7,4,58,29,87
Cam Christie,20,5,11,31,4,0,4,100.0,0.0,0,36,34,70
Cam Spencer,26,13,29,113,15,15,30,50.0,50.0,2,53,89,142
Cam Thomas,24,3,7,31,4,1,5,80.0,20.0,1,50,41,91
Cam Whitmore,21,1,2,24,10,3,13,76.9,23.1,0,26,12,38
Cameron Johnson,30,36,82,102,16,11,27,59.3,40.7,5,117,106,223
Cameron Payne,31,4,11,57,1,3,4,25.0,75.0,3,13,19,32
Caris LeVert,31,7,16,102,10,16,26,38.5,61.5,0,104,81,185
Carter Bryant,20,21,47,47,5,10,15,33.3,66.7,1,111,70,181
Cason Wallace,22,55,119,339,22,17,39,56.4,43.6,0,133,201,334
Cedric Coward,22,10,25,102,26,29,55,47.3,52.7,2,172,155,327
Chaney Johnson,24,31,67,38,5,4,9,55.6,44.4,0,37,18,55
Charles Bassey,25,7,18,7,1,1,2,50.0,50.0,0,31,7,38
Chaz Lanier,24,0,0,12,4,0,4,100.0,0.0,0,14,5,19
Chet Holmgren,24,94,218,87,17,11,28,60.7,39.3,1,513,174,687
Chris Boucher,33,10,25,7,1,2,3,33.3,66.7,0,21,6,27
Chris Livingston,22,0,0,1,2,0,2,100.0,0.0,0,0,2,2
Chris Mañon,24,1,2,14,1,2,3,33.3,66.7,1,6,0,6
Chris Paul,41,1,2,27,0,1,1,0.0,100.0,0,4,7,11
Chris Youngblood,24,1,2,7,1,3,4,25.0,75.0,0,23,7,30
Christian Braun,25,41,101,93,9,8,17,52.9,47.1,0,97,89,186
Christian Koloko,26,40,91,20,6,3,9,66.7,33.3,0,122,34,156
Chucky Hepburn,23,0,0,3,0,1,1,0.0,100.0,0,2,1,3
Clint Capela,32,87,191,49,18,10,28,64.3,35.7,1,260,76,336
Coby White,26,14,35,44,11,10,21,52.4,47.6,7,94,71,165
Cody Martin,30,1,2,9,0,1,1,0.0,100.0,0,4,3,7
Cody Williams,21,62,151,130,11,18,29,37.9,62.1,0,174,74,248
Colby Jones,24,0,0,0,0,0,0,0.0,0.0,0,0,0,0
Cole Anthony,26,2,4,37,6,7,13,46.2,53.8,1,24,33,57
Colin Castleton,26,4,9,2,0,0,0,0.0,0.0,0,2,2,4
Collin Gillespie,27,29,65,202,39,31,70,55.7,44.3,12,93,117,210
Collin Murray-Boyles,21,87,192,156,15,8,23,65.2,34.8,1,181,110,291
Collin Sexton,27,23,53,138,12,17,29,41.4,58.6,1,91,70,161
Cooper Flagg,19,30,69,152,24,31,55,43.6,56.4,0,250,226,476
Corey Kispert,27,15,34,39,11,8,19,57.9,42.1,1,121,69,190
Cormac Ryan,27,2,4,19,1,0,1,100.0,0.0,0,20,19,39
Craig Porter Jr.,26,13,29,139,18,7,25,72.0,28.0,0,107,63,170
Curtis Jones,24,0,0,6,0,3,3,0.0,100.0,1,4,10,14
D'Angelo Russell,30,5,12,27,2,6,8,25.0,75.0,1,23,24,47
DaQuan Jeffries,28,1,2,4,0,1,1,0.0,100.0,0,4,7,11
DaRon Holmes II,23,18,42,8,2,2,4,50.0,50.0,0,62,23,85
Daeqwon Plowden,27,7,16,53,7,3,10,70.0,30.0,1,58,58,116
Dalano Banton,26,0,0,4,0,1,1,0.0,100.0,0,4,5,9
Dalen Terry,23,8,22,48,5,7,12,41.7,58.3,1,69,39,108
Dalton Knecht,25,8,19,16,3,3,6,50.0,50.0,2,50,33,83
Daniel Gafford,27,156,355,102,15,13,28,53.6,46.4,3,310,78,388
Daniss Jenkins,24,9,21,119,20,18,38,52.6,47.4,0,106,72,178
Danny Wolf,22,11,26,67,7,7,14,50.0,50.0,0,215,88,303
Dario Saric,32,1,3,7,0,0,0,0.0,0.0,0,8,4,12
Dariq Whitehead,21,3,6,10,0,0,0,0.0,0.0,0,11,12,23
Darius Garland,26,8,17,85,10,9,19,52.6,47.4,2,72,86,158
David Jones Garcia,24,0,0,11,2,0,2,100.0,0.0,0,3,4,7
David Roddy,25,0,0,5,1,1,2,50.0,50.0,0,8,6,14
Davion Mitchell,27,14,34,129,11,22,33,33.3,66.7,8,60,144,204
Day'Ron Sharpe,24,110,258,152,19,9,28,67.9,32.1,0,163,87,250
De'Aaron Fox,28,15,35,201,20,19,39,51.3,48.7,2,113,138,251
De'Andre Hunter,28,14,31,77,5,9,14,35.7,64.3,0,72,63,135
De'Anthony Melton,28,12,29,142,15,21,36,41.7,58.3,0,67,54,121
DeAndre Jordan,37,18,40,8,2,0,2,100.0,0.0,0,31,11,42
DeJon Jarreau,28,4,10,17,2,2,4,50.0,50.0,0,12,16,28
DeMar DeRozan,36,7,17,125,16,23,39,41.0,59.0,4,123,93,216
Dean Wade,29,48,115,115,8,11,19,42.1,57.9,0,205,81,286
Deandre Ayton,27,268,616,79,19,15,34,55.9,44.1,0,423,147,570
Dejounte Murray,29,2,5,33,3,6,9,33.3,66.7,0,22,16,38
Deni Avdija,25,9,19,106,25,15,40,62.5,37.5,0,183,98,281
Dennis Schröder,32,20,45,107,13,14,27,48.1,51.9,7,77,77,154
Dereck Lively II,22,11,23,4,2,3,5,40.0,60.0,0,46,11,57
Derik Queen,21,125,295,187,21,9,30,70.0,30.0,4,358,192,550
Derrick Jones Jr.,29,36,83,107,15,6,21,71.4,28.6,0,123,73,196
Derrick White,31,29,70,196,20,29,49,40.8,59.2,8,324,231,555
Desmond Bane,28,31,66,151,28,33,61,45.9,54.1,2,192,197,389
Devin Booker,29,33,76,89,24,23,47,51.1,48.9,2,95,77,172
Devin Carter,24,5,13,62,6,8,14,42.9,57.1,0,36,53,89
Devin Vassell,25,32,68,115,12,15,27,44.4,55.6,0,138,75,213
Dillon Brooks,30,26,63,113,14,14,28,50.0,50.0,1,81,99,180
Dillon Jones,24,0,0,5,0,0,0,0.0,0.0,0,2,2,4
Domantas Sabonis,30,78,173,29,10,6,16,62.5,37.5,0,73,31,104
Dominick Barlow,23,60,145,121,21,24,45,46.7,53.3,0,352,140,492
Donovan Clingan,22,177,410,82,19,12,31,61.3,38.7,1,758,280,1038
Donovan Mitchell,29,16,38,201,21,24,45,46.7,53.3,0,95,118,213
Donte DiVincenzo,29,29,73,241,26,36,62,41.9,58.1,0,139,125,264
Dorian Finney-Smith,33,11,25,35,3,3,6,50.0,50.0,0,42,31,73
Doug McDermott,34,2,4,8,1,2,3,33.3,66.7,0,33,22,55
Drake Powell,20,10,24,79,9,10,19,47.4,52.6,0,92,77,169
Draymond Green,36,174,449,146,13,13,26,50.0,50.0,5,325,183,508
Drew Eubanks,29,72,162,37,4,2,6,66.7,33.3,1,114,30,144
Drew Peterson,26,1,2,11,1,0,1,100.0,0.0,0,3,2,5
Drew Timme,25,15,39,10,0,3,3,0.0,100.0,1,35,20,55
Dru Smith,28,5,11,196,11,13,24,45.8,54.2,12,82,91,173
Duncan Robinson,32,43,90,141,10,12,22,45.5,54.5,6,142,115,257
Duop Reath,30,12,28,8,3,2,5,60.0,40.0,1,50,29,79
Dwight Powell,34,140,316,87,8,17,25,32.0,68.0,5,193,50,243
Dylan Cardwell,24,85,195,59,14,7,21,66.7,33.3,0,245,46,291
Dylan Harper,20,12,25,94,23,20,43,53.5,46.5,0,134,65,199
Dyson Daniels,23,145,356,316,39,38,77,50.6,49.4,3,226,191,417
E.J. Liddell,25,9,22,11,4,0,4,100.0,0.0,1,45,30,75
Egor Dëmin,20,14,34,88,11,9,20,55.0,45.0,3,132,84,216
Elijah Harkless,26,10,24,65,3,1,4,75.0,25.0,2,36,34,70
Emanuel Miller,26,0,0,2,1,2,3,33.3,66.7,0,3,0,3
Enrique Freeman,25,0,0,2,0,0,0,0.0,0.0,0,7,3,10
Eric Gordon,37,0,0,2,0,0,0,0.0,0.0,0,1,5,6
Ethan Thompson,27,13,31,42,2,3,5,40.0,60.0,3,74,51,125
Evan Mobley,25,124,287,118,20,13,33,60.6,39.4,0,465,205,670
Franz Wagner,24,8,19,70,9,10,19,47.4,52.6,1,84,63,147
GG Jackson,21,15,37,65,8,10,18,44.4,55.6,0,166,95,261
Gabe Vincent,30,20,46,68,12,7,19,63.2,36.8,4,54,67,121
Garrett Temple,40,2,4,6,1,0,1,100.0,0.0,0,4,7,11
Garrison Mathews,29,1,2,11,0,0,0,0.0,0.0,4,11,9,20
Gary Harris,31,8,16,65,4,6,10,40.0,60.0,0,25,44,69
Gary Payton II,33,53,138,149,21,14,35,60.0,40.0,0,77,59,136
Gary Trent Jr.,27,0,0,95,8,7,15,53.3,46.7,0,23,30,53
Giannis Antetokounmpo,31,54,124,67,18,3,21,85.7,14.3,0,85,62,147
Goga Bitadze,26,109,252,85,8,9,17,47.1,52.9,1,205,89,294
Gradey Dick,22,5,11,117,13,12,25,52.0,48.0,3,32,31,63
Grant Nelson,24,4,9,1,0,1,1,0.0,100.0,0,12,2,14
Grant Williams,27,34,86,27,9,5,14,64.3,35.7,5,97,67,164
Grayson Allen,30,11,28,119,10,16,26,38.5,61.5,0,80,75,155
Guerschon Yabusele,30,37,88,56,10,10,20,50.0,50.0,2,106,46,152
Gui Santos,24,14,37,105,10,10,20,50.0,50.0,4,184,117,301
Harrison Barnes,34,53,119,98,17,14,31,54.8,45.2,3,142,119,261
Harrison Ingram,23,1,2,1,0,0,0,0.0,0.0,0,2,0,2
Hayden Gray,23,0,0,3,1,0,1,100.0,0.0,0,3,4,7
Haywood Highsmith,29,3,8,12,0,0,0,0.0,0.0,0,8,6,14
Herbert Jones,27,21,48,196,14,16,30,46.7,53.3,2,104,105,209
Hugo González,20,23,54,68,9,11,20,45.0,55.0,2,110,73,183
Hunter Dickinson,25,6,12,1,0,0,0,0.0,0.0,0,12,3,15
Hunter Sallis,23,0,0,0,0,0,0,0.0,0.0,0,3,2,5
Hunter Tyson,26,2,4,9,1,2,3,33.3,66.7,0,12,16,28
Immanuel Quickley,27,36,75,162,13,20,33,39.4,60.6,0,126,115,241
Isaac Jones,25,0,0,1,0,0,0,0.0,0.0,0,5,1,6
Isaac Okoro,25,31,67,95,18,11,29,62.1,37.9,14,225,118,343
Isaiah Collier,21,10,24,101,11,7,18,61.1,38.9,1,47,104,151
Isaiah Crawford,24,1,3,10,1,0,1,100.0,0.0,0,4,5,9
Isaiah Hartenstein,28,149,349,94,20,12,32,62.5,37.5,1,227,91,318
Isaiah Jackson,24,93,211,100,13,6,19,68.4,31.6,0,193,87,280
Isaiah Joe,26,25,56,115,11,13,24,45.8,54.2,8,64,101,165
Isaiah Livers,27,9,23,27,4,2,6,66.7,33.3,0,44,24,68
Isaiah Stevens,25,1,2,5,0,0,0,0.0,0.0,0,0,3,3
Isaiah Stewart,25,86,203,31,10,8,18,55.6,44.4,0,384,140,524
Ivica Zubac,29,139,335,47,12,8,20,60.0,40.0,0,340,99,439
JD Davison,23,2,4,12,0,3,3,0.0,100.0,1,18,17,35
Ja Morant,26,1,2,48,7,4,11,63.6,36.4,2,16,18,34
Ja'Kobe Walter,21,14,30,167,12,17,29,41.4,58.6,5,89,97,186
Jabari Smith Jr.,23,33,81,117,15,21,36,41.7,58.3,0,314,159,473
Jabari Walker,23,22,49,52,5,6,11,45.5,54.5,4,59,40,99
Jacob Toppin,26,1,3,0,0,0,0,0.0,0.0,0,1,1,2
Jaden Hardy,23,2,5,36,6,5,11,54.5,45.5,3,39,33,72
Jaden Ivey,24,11,24,38,6,10,16,37.5,62.5,0,42,31,73
Jaden McDaniels,25,19,45,156,20,28,48,41.7,58.3,1,275,172,447
Jae'Sean Tate,30,10,23,23,9,4,13,69.2,30.8,2,40,28,68
Jahmai Mashack,23,29,66,87,5,7,12,41.7,58.3,1,72,45,117
Jahmir Young,25,0,0,4,1,0,1,100.0,0.0,0,4,6,10
Jahmyl Telfort,25,0,0,1,0,0,0,0.0,0.0,0,1,0,1
Jaime Jaquez Jr.,25,17,41,108,21,17,38,55.3,44.7,0,228,155,383
Jake LaRavia,24,24,55,257,18,26,44,40.9,59.1,2,186,134,320
Jakob Poeltl,30,147,327,115,9,12,21,42.9,57.1,2,221,82,303
Jalen Brunson,29,30,72,108,17,23,40,42.5,57.5,29,82,142,224
Jalen Duren,22,186,431,108,35,23,58,60.3,39.7,0,415,188,603
Jalen Green,24,3,8,43,5,3,8,62.5,37.5,0,46,47,93
Jalen Johnson,24,46,109,173,19,13,32,59.4,40.6,2,202,141,343
Jalen Pickett,26,17,39,25,6,3,9,66.7,33.3,0,43,44,87
Jalen Slawson,26,7,16,33,2,0,2,100.0,0.0,1,54,25,79
Jalen Smith,26,68,156,37,7,11,18,38.9,61.1,4,222,94,316
Jalen Suggs,25,13,26,192,24,20,44,54.5,45.5,6,99,81,180
Jalen Williams,25,10,25,104,7,10,17,41.2,58.8,0,65,40,105
Jalen Wilson,25,14,35,49,7,5,12,58.3,41.7,0,52,48,100
Jamal Cain,27,9,20,34,1,1,2,50.0,50.0,0,55,40,95
Jamal Murray,29,30,73,137,16,17,33,48.5,51.5,4,163,156,319
Jamal Shead,23,23,53,168,11,14,25,44.0,56.0,6,65,112,177
Jamaree Bouyea,27,5,13,64,6,5,11,54.5,45.5,0,46,34,80
James Harden,36,6,14,133,22,25,47,46.8,53.2,0,91,130,221
James Wiseman,25,4,9,0,1,1,2,50.0,50.0,0,13,6,19
Jamir Watkins,24,14,36,126,2,15,17,11.8,88.2,4,116,74,190
Jamison Battle,25,6,13,19,4,3,7,57.1,42.9,1,44,16,60
Jarace Walker,22,20,47,144,7,14,21,33.3,66.7,1,125,92,217
Jared McCain,22,16,37,64,15,10,25,60.0,40.0,3,74,67,141
Jaren Jackson Jr.,26,45,111,107,12,12,24,50.0,50.0,1,289,147,436
Jarred Vanderbilt,27,45,111,103,13,19,32,40.6,59.4,0,95,42,137
Jarrett Allen,28,142,321,135,22,15,37,59.5,40.5,2,355,93,448
Jase Richardson,20,2,4,31,5,6,11,45.5,54.5,1,49,17,66
Javon Small,23,3,6,75,7,7,14,50.0,50.0,0,39,69,108
Javonte Cooke,26,0,0,7,2,0,2,100.0,0.0,0,6,0,6
Javonte Green,32,16,35,207,17,31,48,35.4,64.6,0,70,71,141
Jaxson Hayes,26,143,331,73,6,10,16,37.5,62.5,1,247,129,376
Jay Huff,28,145,325,70,12,8,20,60.0,40.0,1,533,167,700
Jaylen Brown,29,25,62,128,35,23,58,60.3,39.7,1,127,203,330
Jaylen Clark,24,13,32,89,9,7,16,56.3,43.8,0,97,54,151
Jaylen Wells,22,18,40,113,13,21,34,38.2,61.8,0,130,112,242
Jaylin Williams,24,95,214,61,7,9,16,43.8,56.3,17,313,160,473
Jaylon Tyson,23,35,80,115,16,17,33,48.5,51.5,0,172,131,303
Jayson Kent,24,0,0,1,0,2,2,0.0,100.0,0,2,0,2
Jayson Tatum,28,10,24,33,2,3,5,40.0,60.0,0,17,29,46
Jeff Green,39,5,11,6,0,0,0,0.0,0.0,0,15,28,43
Jerami Grant,32,16,39,75,18,13,31,58.1,41.9,2,101,79,180
Jeremiah Fears,19,6,13,211,12,20,32,37.5,62.5,1,127,140,267
Jeremiah Robinson-Earl,25,6,15,12,6,1,7,85.7,14.3,0,38,30,68
Jeremy Sochan,23,38,87,41,8,8,16,50.0,50.0,0,64,26,90
Jericho Sims,27,134,309,39,8,12,20,40.0,60.0,0,166,85,251
Jett Howard,22,4,8,31,7,5,12,58.3,41.7,0,70,31,101
Jevon Carter,30,4,9,82,6,7,13,46.2,53.8,0,39,62,101
Jimmy Butler III,36,36,93,93,19,14,33,57.6,42.4,1,42,48,90
Joan Beringer,19,31,72,16,4,0,4,100.0,0.0,0,102,32,134
Jock Landale,30,143,339,68,14,8,22,63.6,36.4,1,284,67,351
Joe Ingles,38,1,2,10,0,1,1,0.0,100.0,0,6,5,11
Joel Embiid,32,139,336,35,13,6,19,68.4,31.6,1,235,72,307
John Collins,28,43,104,116,16,15,31,51.6,48.4,1,195,185,380
John Konchar,30,32,70,149,14,20,34,41.2,58.8,1,96,78,174
John Poulakidas,23,10,22,11,2,2,4,50.0,50.0,0,24,16,40
John Tonje,25,0,0,3,0,1,1,0.0,100.0,0,1,4,5
Johni Broome,23,3,6,5,2,0,2,100.0,0.0,0,16,5,21
Johnny Furphy,21,16,36,36,6,9,15,40.0,60.0,0,97,23,120
Johnny Juzang,25,1,3,6,1,0,1,100.0,0.0,0,8,4,12
Jonas Valanciunas,34,97,225,18,7,6,13,53.8,46.2,0,213,48,261
Jonathan Isaac,28,26,62,62,1,3,4,25.0,75.0,0,98,36,134
Jonathan Kuminga,23,15,34,67,8,7,15,53.3,46.7,1,82,51,133
Jonathan Mogbo,24,19,43,36,1,3,4,25.0,75.0,0,35,16,51
Jordan Clarkson,34,5,12,76,16,6,22,72.7,27.3,0,79,62,141
Jordan Goodwin,27,20,47,260,25,19,44,56.8,43.2,1,85,69,154
Jordan Hawkins,24,4,8,22,4,6,10,40.0,60.0,1,58,38,96
Jordan McLaughlin,30,9,20,40,2,1,3,66.7,33.3,0,19,12,31
Jordan Miller,26,10,22,83,8,10,18,44.4,55.6,1,95,116,211
Jordan Poole,27,2,5,52,5,5,10,50.0,50.0,3,42,73,115
Jordan Walsh,22,30,77,117,8,8,16,50.0,50.0,0,109,82,191
Jose Alvarado,28,6,13,151,10,16,26,38.5,61.5,1,28,52,80
Josh Giddey,23,7,15,101,23,16,39,59.0,41.0,2,110,160,270
Josh Green,25,16,37,70,15,8,23,65.2,34.8,1,58,48,106
Josh Hart,31,57,135,194,24,32,56,42.9,57.1,3,150,198,348
Josh Minott,23,19,48,109,14,9,23,60.9,39.1,0,94,68,162
Josh Oduro,25,5,11,4,4,0,4,100.0,0.0,1,10,4,14
Josh Okogie,27,15,32,130,26,22,48,54.2,45.8,2,88,63,151
Jrue Holiday,36,10,24,115,17,13,30,56.7,43.3,0,51,78,129
Julian Champagnie,25,66,141,124,12,31,43,27.9,72.1,0,202,121,323
Julian Phillips,22,7,15,36,4,2,6,66.7,33.3,2,32,29,61
Julian Reese,23,50,112,36,5,3,8,62.5,37.5,0,41,27,68
Julian Strawther,24,9,23,55,6,7,13,46.2,53.8,1,46,36,82
Julius Randle,31,58,144,168,32,23,55,58.2,41.8,0,223,147,370
Justin Champagnie,25,12,28,128,21,10,31,67.7,32.3,0,139,94,233
Justin Edwards,22,19,44,99,3,12,15,20.0,80.0,1,40,45,85
Jusuf Nurkić,31,177,425,112,8,6,14,57.1,42.9,0,175,100,275
KJ Simpson,23,5,13,28,2,3,5,40.0,60.0,1,12,13,25
Kadary Richmond,24,4,9,10,0,0,0,0.0,0.0,0,3,4,7
Kam Jones,24,2,4,35,4,3,7,57.1,42.9,0,42,30,72
Karl-Anthony Towns,30,138,315,153,20,22,42,47.6,52.4,2,313,138,451
Karlo Matković,25,49,117,63,10,8,18,55.6,44.4,2,202,91,293
Kasparas Jakučionis,20,4,8,88,8,17,25,32.0,68.0,3,81,79,160
Kawhi Leonard,35,13,31,220,27,17,44,61.4,38.6,0,105,140,245
Keaton Wallace,27,6,14,43,3,9,12,25.0,75.0,0,38,50,88
Keegan Murray,25,8,18,51,6,7,13,46.2,53.8,1,131,48,179
Kel'el Ware,22,58,134,107,17,18,35,48.6,51.4,0,354,126,480
Keldon Johnson,26,19,42,91,15,22,37,40.5,59.5,1,141,98,239
Kelly Olynyk,35,23,60,31,2,2,4,50.0,50.0,3,39,43,82
Kelly Oubre Jr.,30,13,34,212,11,17,28,39.3,60.7,0,92,84,176
Kennedy Chandler,23,1,3,28,4,2,6,66.7,33.3,1,13,23,36
Kenrich Williams,31,38,88,74,6,5,11,54.5,45.5,6,54,56,110
Kentavious Caldwell-Pope,33,3,8,69,13,9,22,59.1,40.9,0,24,36,60
Keon Ellis,26,24,51,194,11,17,28,39.3,60.7,0,95,111,206
Keshad Johnson,25,9,21,22,4,0,4,100.0,0.0,0,39,15,54
Keshon Gilbert,23,0,0,6,1,2,3,33.3,66.7,0,8,2,10
Kevin Durant,37,36,80,120,18,23,41,43.9,56.1,0,239,212,451
Kevin Huerter,27,22,49,118,7,12,19,36.8,63.2,1,138,120,258
Kevin Love,37,43,100,31,7,12,19,36.8,63.2,3,39,35,74
Kevin McCullar Jr.,25,2,5,20,2,2,4,50.0,50.0,1,14,10,24
Kevin Porter Jr.,26,3,6,142,14,25,39,35.9,64.1,0,103,87,190
Kevon Looney,30,44,107,22,3,1,4,75.0,25.0,0,62,43,105
Keyonte George,22,25,58,94,14,17,31,45.2,54.8,2,66,106,172
Khaman Maluach,19,46,113,12,2,2,4,50.0,50.0,0,121,43,164
Khris Middleton,34,16,38,99,13,8,21,61.9,38.1,5,74,79,153
Killian Hayes,24,5,12,44,5,2,7,71.4,28.6,1,24,29,53
Klay Thompson,36,19,40,45,4,11,15,26.7,73.3,0,87,63,150
Kobe Brown,26,13,29,44,7,9,16,43.8,56.3,3,75,45,120
Kobe Bufkin,22,0,0,4,0,0,0,0.0,0.0,1,12,5,17
Kobe Sanders,24,16,38,94,10,17,27,37.0,63.0,1,131,76,207
Koby Brea,23,1,2,4,0,0,0,0.0,0.0,0,4,5,9
Kon Knueppel,20,37,85,144,34,21,55,61.8,38.2,3,295,141,436
Kris Dunn,32,45,106,296,14,25,39,35.9,64.1,0,108,155,263
Kris Murray,25,19,43,101,11,16,27,40.7,59.3,2,143,49,192
Kristaps Porziņģis,30,46,104,44,8,3,11,72.7,27.3,0,225,77,302
Kyle Anderson,32,69,161,108,3,2,5,60.0,40.0,0,90,62,152
Kyle Filipowski,22,112,260,129,22,7,29,75.9,24.1,3,259,185,444
Kyle Kuzma,30,32,74,55,6,8,14,42.9,57.1,3,155,95,250
Kyle Lowry,40,4,10,3,0,0,0,0.0,0.0,0,4,3,7
Kyshawn George,22,27,65,120,11,15,26,42.3,57.7,6,185,138,323
LJ Cryer,24,3,6,7,0,3,3,0.0,100.0,0,6,9,15
LaMelo Ball,24,22,53,144,16,24,40,40.0,60.0,0,75,61,136
Lachlan Olbrich,22,33,77,25,6,0,6,100.0,0.0,3,69,28,97
Landry Shamet,29,19,44,76,3,6,9,33.3,66.7,2,103,86,189
Larry Nance Jr.,33,25,57,51,5,3,8,62.5,37.5,3,32,21,53
Lauri Markkanen,29,50,122,72,7,11,18,38.9,61.1,0,182,71,253
Lawson Lovering,23,8,17,4,1,1,2,50.0,50.0,0,12,0,12
LeBron James,41,37,87,109,18,18,36,50.0,50.0,0,78,71,149
Leaky Black,27,10,20,28,1,3,4,25.0,75.0,0,23,16,39
Leonard Miller,22,31,69,35,6,7,13,46.2,53.8,0,111,70,181
Liam McNeeley,20,4,9,12,2,2,4,50.0,50.0,0,40,23,63
Lindy Waters III,28,11,22,11,1,1,2,50.0,50.0,2,14,14,28
Lonzo Ball,28,20,49,77,8,13,21,38.1,61.9,0,47,49,96
Lucas Williamson,27,0,0,25,2,0,2,100.0,0.0,0,6,11,17
Luguentz Dort,27,64,146,119,7,13,20,35.0,65.0,2,91,163,254
Luka Dončić,27,5,10,196,16,22,38,42.1,57.9,14,149,169,318
Luka Garza,27,171,399,92,17,3,20,85.0,15.0,5,232,66,298
Luke Kennard,30,38,90,105,9,8,17,52.9,47.1,0,90,80,170
Luke Kornet,30,237,532,58,6,6,12,50.0,50.0,4,510,141,651
Luke Travers,24,2,5,11,2,1,3,66.7,33.3,0,12,4,16
Mac McClung,27,1,3,12,0,2,2,0.0,100.0,0,11,7,18
Malachi Smith,26,3,9,25,1,1,2,50.0,50.0,1,23,19,42
Malaki Branham,23,3,8,12,5,3,8,62.5,37.5,0,25,19,44
Malevy Leons,26,7,18,25,3,2,5,60.0,40.0,0,41,20,61
Malik Monk,28,20,43,80,13,11,24,54.2,45.8,1,88,71,159
MarJon Beauchamp,25,3,7,17,1,3,4,25.0,75.0,0,10,14,24
Marcus Sasser,25,2,6,37,3,3,6,50.0,50.0,0,17,22,39
Marcus Smart,32,37,90,172,17,20,37,45.9,54.1,20,76,117,193
Mark Sears,24,0,0,2,1,0,1,100.0,0.0,0,2,2,4
Mark Williams,24,150,351,140,12,13,25,48.0,52.0,0,350,153,503
Markelle Fultz,28,0,0,3,0,0,0,0.0,0.0,0,0,3,3
Marvin Bagley III,27,177,416,57,13,9,22,59.1,40.9,7,249,112,361
Mason Plumlee,36,21,50,12,3,0,3,100.0,0.0,1,29,11,40
Matas Buzelis,21,29,69,103,19,15,34,55.9,44.1,2,398,212,610
Matisse Thybulle,29,6,16,117,4,11,15,26.7,73.3,1,20,22,42
Max Christie,23,57,124,78,10,12,22,45.5,54.5,1,236,138,374
Max Shulga,24,2,5,1,0,0,0,0.0,0.0,0,3,2,5
Max Strus,30,12,27,9,1,1,2,50.0,50.0,1,18,19,37
Maxi Kleber,34,55,128,25,4,2,6,66.7,33.3,1,100,39,139
Maxime Raynaud,23,210,469,77,11,14,25,44.0,56.0,0,374,182,556
Micah Peavy,24,11,27,78,8,7,15,53.3,46.7,1,61,44,105
Micah Potter,28,71,162,46,4,5,9,44.4,55.6,0,216,83,299
Michael Porter Jr.,28,37,82,97,16,15,31,51.6,48.4,0,96,66,162
Mikal Bridges,29,23,50,183,18,21,39,46.2,53.8,1,277,152,429
Mike Conley,38,17,41,69,9,11,20,45.0,55.0,0,62,50,112
Miles Bridges,28,48,123,99,26,14,40,65.0,35.0,0,250,206,456
Miles Kelly,23,1,2,7,3,1,4,75.0,25.0,0,9,3,12
Miles McBride,25,19,44,75,11,9,20,55.0,45.0,0,103,71,174
Mitchell Robinson,28,146,332,127,20,12,32,62.5,37.5,0,161,98,259
Mo Bamba,28,1,2,1,0,2,2,0.0,100.0,0,11,9,20
Mohamed Diawara,21,9,20,28,3,2,5,60.0,40.0,0,45,28,73
Monte Morris,31,0,0,5,1,0,1,100.0,0.0,0,3,5,8
Moritz Wagner,29,29,67,38,5,7,12,41.7,58.3,5,47,21,68
Moses Moody,24,11,26,145,20,23,43,46.5,53.5,3,140,76,216
Mouhamadou Gueye,27,6,13,3,0,0,0,0.0,0.0,0,4,5,9
Mouhamed Gueye,23,58,139,139,12,13,25,48.0,52.0,2,169,105,274
Moussa Cisse,23,69,164,46,11,5,16,68.8,31.3,0,149,45,194
Moussa Diabaté,24,215,512,97,28,10,38,73.7,26.3,0,379,181,560
Myles Turner,30,121,293,124,11,12,23,47.8,52.2,0,434,140,574
Myron Gardner,25,2,5,45,6,3,9,66.7,33.3,0,41,20,61
N'Faly Dante,24,1,3,2,0,0,0,0.0,0.0,0,4,0,4
Nae'Qwan Tomlin,25,29,70,113,12,8,20,60.0,40.0,0,91,79,170
Naji Marshall,28,26,57,138,15,19,34,44.1,55.9,0,145,147,292
Nate Williams,27,0,0,23,4,1,5,80.0,20.0,0,10,18,28
Naz Reid,26,46,113,129,17,20,37,45.9,54.1,4,270,170,440
Neemias Queta,26,276,672,127,14,8,22,63.6,36.4,0,433,158,591
Nic Claxton,27,199,486,116,18,9,27,66.7,33.3,0,326,174,500
Nick Richards,28,89,206,31,6,2,8,75.0,25.0,0,142,52,194
Nick Smith Jr.,22,5,11,10,2,5,7,28.6,71.4,0,16,23,39
Nickeil Alexander-Walker,27,40,88,271,28,30,58,48.3,51.7,4,176,82,258
Nicolas Batum,37,18,39,93,7,12,19,36.8,63.2,0,125,89,214
Nigel Hayes-Davis,31,6,16,18,3,2,5,60.0,40.0,0,17,4,21
Nikola Jokić,31,221,513,177,22,16,38,57.9,42.1,1,255,134,389
Nikola Jović,23,10,24,41,4,4,8,50.0,50.0,1,126,66,192
Nikola Topić,20,0,0,8,1,0,1,100.0,0.0,0,9,7,16
Nikola Vučević,35,144,311,90,11,6,17,64.7,35.3,1,335,167,502
Nique Clifford,24,29,67,143,10,16,26,38.5,61.5,9,166,157,323
Noa Essengue,19,0,0,0,0,0,0,0.0,0.0,0,1,0,1
Noah Clowney,21,25,58,108,10,15,25,40.0,60.0,4,262,153,415
Noah Penda,21,20,44,60,8,13,21,38.1,61.9,0,90,44,134
Nolan Traore,20,7,16,77,11,9,20,55.0,45.0,1,151,51,202
Norchad Omier,24,2,4,2,0,0,0,0.0,0.0,0,2,2,4
Norman Powell,33,15,34,150,9,21,30,30.0,70.0,0,63,71,134
OG Anunoby,28,20,48,184,20,23,43,46.5,53.5,3,262,203,465
Obi Toppin,28,15,33,20,3,4,7,42.9,57.1,0,25,28,53
Ochai Agbaji,26,13,29,69,7,5,12,58.3,41.7,0,124,71,195
Olivier Sarr,27,5,12,2,0,0,0,0.0,0.0,0,8,3,11
Olivier-Maxence Prosper,23,68,165,65,11,14,25,44.0,56.0,1,135,65,200
Omer Yurtseven,28,17,38,4,3,0,3,100.0,0.0,0,17,4,21
Onyeka Okongwu,25,159,375,174,30,28,58,51.7,48.3,2,391,174,565
Orlando Robinson,25,2,5,2,0,0,0,0.0,0.0,0,6,1,7
Oscar Tshiebwe,26,40,89,29,7,2,9,77.8,22.2,0,49,35,84
Oso Ighodaro,23,251,622,172,18,13,31,58.1,41.9,0,318,116,434
Ousmane Dieng,23,10,24,55,7,6,13,53.8,46.2,0,138,102,240
P.J. Washington,27,41,89,105,13,17,30,43.3,56.7,1,222,151,373
PJ Hall,24,15,40,4,2,3,5,40.0,60.0,0,53,27,80
Pacôme Dadiet,20,0,0,9,0,2,2,0.0,100.0,0,9,6,15
Paolo Banchero,23,68,152,88,25,11,36,69.4,30.6,0,269,182,451
Pascal Siakam,32,47,114,141,21,14,35,60.0,40.0,0,237,123,360
Pat Connaughton,33,4,11,11,4,2,6,66.7,33.3,1,19,27,46
Pat Spencer,29,10,25,74,14,12,26,53.8,46.2,0,68,62,130
Patrick Baldwin Jr.,23,1,2,8,0,0,0,0.0,0.0,0,13,4,17
Patrick Williams,24,27,62,101,9,15,24,37.5,62.5,0,143,106,249
Paul George,36,10,23,152,11,9,20,55.0,45.0,4,105,85,190
Paul Reed,27,105,256,123,20,10,30,66.7,33.3,1,219,88,307
Payton Pritchard,28,22,51,109,25,19,44,56.8,43.2,2,42,92,134
Payton Sandfort,23,1,2,2,0,0,0,0.0,0.0,0,5,7,12
Pelle Larsson,25,14,33,124,8,8,16,50.0,50.0,12,195,135,330
Pete Nance,26,30,69,31,6,3,9,66.7,33.3,0,92,45,137
Peyton Watson,23,30,76,85,17,18,35,48.6,51.4,3,206,125,331
Precious Achiuwa,26,65,151,127,27,10,37,73.0,27.0,3,255,152,407
Quentin Grimes,26,12,26,149,21,20,41,51.2,48.8,1,134,134,268
Quenton Jackson,27,10,22,73,9,15,24,37.5,62.5,0,42,61,103
Quinten Post,26,60,148,39,5,15,20,25.0,75.0,0,315,99,414
RJ Barrett,26,24,57,108,16,13,29,55.2,44.8,3,151,118,269
Rasheer Fleming,21,10,24,61,5,3,8,62.5,37.5,0,60,40,100
RayJ Dennis,25,1,2,23,0,3,3,0.0,100.0,0,10,9,19
Rayan Rupert,22,13,32,112,12,8,20,60.0,40.0,2,81,68,149
Reed Sheppard,22,13,28,289,24,23,47,51.1,48.9,0,156,156,312
Riley Minix,25,0,0,7,0,0,0,0.0,0.0,0,5,12,17
Rob Dillingham,21,3,7,83,12,9,21,57.1,42.9,0,64,60,124
Robert Williams III,28,69,162,69,7,7,14,50.0,50.0,0,218,93,311
Rocco Zikarsky,19,4,9,1,1,0,1,100.0,0.0,0,15,3,18
Ron Harper Jr.,26,3,6,20,4,5,9,44.4,55.6,0,26,13,39
Ronald Holland II,20,16,40,164,18,21,39,46.2,53.8,2,78,79,157
Royce O'Neale,33,41,95,172,17,21,38,44.7,55.3,0,87,96,183
Rudy Gobert,34,307,767,137,18,5,23,78.3,21.7,1,619,188,807
Rui Hachimura,28,29,66,85,9,10,19,47.4,52.6,1,152,83,235
Russell Westbrook,37,10,22,137,25,21,46,54.3,45.7,0,49,61,110
Ryan Dunn,23,26,63,125,15,10,25,60.0,40.0,0,130,119,249
Ryan Kalkbrenner,24,165,394,71,9,14,23,39.1,60.9,2,505,142,647
Ryan Nembhard,23,12,27,37,12,15,27,44.4,55.6,2,54,50,104
Ryan Rollins,23,9,19,299,22,28,50,44.0,56.0,4,154,134,288
Saddiq Bey,27,19,45,97,19,20,39,48.7,51.3,1,98,85,183
Sam Hauser,28,57,136,95,13,13,26,50.0,50.0,0,187,119,306
Sam Merrill,30,34,78,79,10,9,19,52.6,47.4,3,97,53,150
Sandro Mamukelashvili,27,84,188,138,14,17,31,45.2,54.8,0,320,138,458
Santi Aldama,25,25,59,61,9,8,17,52.9,47.1,2,184,103,287
Scoot Henderson,22,1,2,74,3,4,7,42.9,57.1,0,25,38,63
Scottie Barnes,24,83,190,254,24,24,48,50.0,50.0,1,325,147,472
Scotty Pippen Jr.,25,0,0,37,3,0,3,100.0,0.0,0,9,20,29
Sean Pedulla,23,0,0,2,0,2,2,0.0,100.0,0,1,1,2
Seth Curry,35,0,0,4,1,0,1,100.0,0.0,0,5,6,11
Shaedon Sharpe,23,2,4,96,16,13,29,55.2,44.8,1,52,73,125
Shai Gilgeous-Alexander,27,17,38,199,25,29,54,46.3,53.7,1,158,136,294
Sharife Cooper,25,4,9,34,9,3,12,75.0,25.0,5,34,17,51
Sidy Cissoko,22,20,47,114,15,13,28,53.6,46.4,8,103,64,167
Simone Fontecchio,30,6,15,71,12,11,23,52.2,47.8,0,83,70,153
Sion James,23,42,98,105,8,11,19,42.1,57.9,1,173,108,281
Skal Labissiere,30,7,16,3,0,1,1,0.0,100.0,0,8,2,10
Spencer Jones,25,55,137,127,17,15,32,53.1,46.9,4,187,94,281
Stanley Umude,27,0,0,1,0,0,0,0.0,0.0,0,0,0,0
Stephen Curry,38,38,85,104,20,18,38,52.6,47.4,3,59,60,119
Stephon Castle,21,32,76,156,25,15,40,62.5,37.5,1,172,119,291
Steven Adams,32,91,200,31,13,3,16,81.3,18.8,0,127,51,178
Svi Mykhailiuk,29,17,38,80,10,14,24,41.7,58.3,1,65,62,127
T.J. McConnell,34,3,9,116,12,22,34,35.3,64.7,4,36,41,77
Taelon Peter,24,2,4,40,3,5,8,37.5,62.5,6,54,34,88
Taj Gibson,41,13,37,5,1,0,1,100.0,0.0,0,15,9,24
Tari Eason,25,12,28,142,26,21,47,55.3,44.7,0,178,100,278
Taurean Prince,32,3,6,36,0,3,3,0.0,100.0,0,23,33,56
Taylor Hendricks,22,68,161,97,8,6,14,57.1,42.9,1,131,91,222
Terance Mann,29,27,66,124,10,8,18,55.6,44.4,3,98,73,171
Terrence Shannon Jr,25,7,17,29,3,2,5,60.0,40.0,2,42,29,71
Thanasis Antetokounmpo,33,6,13,25,3,1,4,75.0,25.0,0,12,7,19
Thomas Bryant,28,61,140,36,7,5,12,58.3,41.7,1,159,31,190
Tidjane Salaün,20,19,47,38,3,6,9,33.3,66.7,1,54,41,95
Tim Hardaway Jr.,34,34,83,69,5,10,15,33.3,66.7,7,123,111,234
Tobias Harris,33,21,45,89,15,16,31,48.4,51.6,0,129,115,244
Toby Okani,24,4,10,9,0,2,2,0.0,100.0,0,20,12,32
Tolu Smith,25,16,40,4,1,0,1,100.0,0.0,0,19,8,27
Tony Bradley,28,37,88,14,4,3,7,57.1,42.9,0,81,31,112
Tosan Evbuomwan,25,0,0,0,1,0,1,100.0,0.0,0,2,1,3
Toumani Camara,26,65,159,213,22,18,40,55.0,45.0,18,253,172,425
Trae Young,27,2,4,24,5,3,8,62.5,37.5,1,7,8,15
Trayce Jackson-Davis,26,59,138,30,8,4,12,66.7,33.3,0,137,39,176
Tre Johnson,20,9,22,81,7,7,14,50.0,50.0,0,80,70,150
Tre Jones,26,19,45,145,15,12,27,55.6,44.4,8,101,59,160
Tre Mann,25,9,23,50,6,8,14,42.9,57.1,0,43,36,79
Trendon Watford,25,17,41,44,13,6,19,68.4,31.6,0,99,85,184
Trentyn Flowers,21,0,0,1,1,0,1,100.0,0.0,0,2,0,2
Trevon Scott,29,10,20,12,1,1,2,50.0,50.0,0,21,16,37
Trevor Keels,22,0,0,2,0,0,0,0.0,0.0,0,1,0,1
Trey Alexander,23,0,0,15,0,1,1,0.0,100.0,1,19,5,24
Trey Jemison III,26,9,20,5,1,1,2,50.0,50.0,0,12,3,15
Trey Murphy III,26,40,86,185,16,23,39,41.0,59.0,0,175,142,317
Tristan Enaruna,25,2,5,7,1,0,1,100.0,0.0,0,8,6,14
Tristan Vukcevic,23,76,180,56,8,5,13,61.5,38.5,1,143,62,205
Tristan da Silva,25,32,67,127,11,14,25,44.0,56.0,0,194,107,301
Tristen Newton,25,0,0,2,0,0,0,0.0,0.0,0,1,1,2
Ty Jerome,28,2,6,40,4,1,5,80.0,20.0,0,12,21,33
TyTy Washington Jr.,24,0,0,8,1,0,1,100.0,0.0,0,4,4,8
Tyler Burton,26,2,4,27,2,5,7,28.6,71.4,0,27,17,44
Tyler Herro,26,2,5,43,8,7,15,53.3,46.7,0,83,27,110
Tyler Kolek,25,5,11,38,6,10,16,37.5,62.5,2,42,30,72
Tyler Smith,21,4,8,8,1,0,1,100.0,0.0,0,16,15,31
Tyrese Martin,27,6,14,53,9,12,21,42.9,57.1,0,51,46,97
Tyrese Maxey,25,20,45,250,15,36,51,29.4,70.6,3,116,155,271
Tyrese Proctor,22,7,16,59,4,7,11,36.4,63.6,1,16,27,43
Tyson Etienne,26,4,9,16,4,3,7,57.1,42.9,0,19,10,29
Tyus Jones,30,6,14,54,2,5,7,28.6,71.4,0,14,33,47
VJ Edgecombe,20,20,44,244,39,38,77,50.6,49.4,0,197,137,334
Victor Wembanyama,22,87,189,167,20,11,31,64.5,35.5,3,434,167,601
Vince Williams Jr.,25,6,15,72,11,5,16,68.8,31.3,1,65,47,112
Vladislav Goldin,25,0,0,2,1,0,1,100.0,0.0,0,10,1,11
Vít Krejčí,26,22,49,92,9,16,25,36.0,64.0,0,155,116,271
Walker Kessler,24,16,39,16,4,0,4,100.0,0.0,0,34,9,43
Walter Clayton Jr.,23,13,30,88,8,11,19,42.1,57.9,4,132,164,296
Wendell Carter Jr.,27,218,497,125,21,22,43,48.8,51.2,2,444,151,595
Wendell Moore Jr.,24,1,2,4,0,0,0,0.0,0.0,0,5,4,9
Will Richard,23,16,37,157,9,10,19,47.4,52.6,5,76,70,146
Will Riley,20,14,35,83,6,12,18,33.3,66.7,1,157,79,236
Xavier Tillman,27,20,47,19,0,4,4,0.0,100.0,0,28,26,54
Yang Hansen,21,37,86,17,5,0,5,100.0,0.0,0,78,37,115
Yanic Konan Niederhäuser,23,46,103,21,1,0,1,100.0,0.0,2,114,23,137
Yuki Kawamura,25,1,2,14,0,3,3,0.0,100.0,1,7,14,21
Yves Missi,22,127,276,51,22,12,34,64.7,35.3,0,287,161,448
Zaccharie Risacher,21,9,22,135,10,16,26,38.5,61.5,0,191,105,296
Zach Collins,28,23,53,10,2,1,3,66.7,33.3,0,42,15,57
Zach Edey,24,35,78,12,2,1,3,66.7,33.3,0,74,14,88
Zach LaVine,31,7,16,50,3,6,9,33.3,66.7,0,75,90,165
Zeke Nnaji,25,59,144,44,4,6,10,40.0,60.0,1,114,64,178
Ziaire Williams,24,8,18,173,10,16,26,38.5,61.5,1,93,110,203
Zion Williamson,25,52,127,120,26,8,34,76.5,23.5,1,118,137,255
Zyon Pullin,25,0,0,2,0,0,0,0.0,0.0,0,6,1,7
